number label,actual name,familiarity score,nameability score,color saliency,texture saliency,"BLIP-2, greedy, caption","BLIP-2, greedy, bool","BLIP-2, greedy, name","BLIP-2, greedy, real","BLIP-2, nucleus, top_p=0.1, caption","BLIP-2, nucleus, top_p=0.1, bool","BLIP-2, nucleus, top_p=0.1, name","BLIP-2, nucleus, top_p=0.1, real","BLIP-2, nucleus, top_p=0.5, caption","BLIP-2, nucleus, top_p=0.5, bool","BLIP-2, nucleus, top_p=0.5, name","BLIP-2, nucleus, top_p=0.5, real","BLIP-2, nucleus, top_p=0.9, caption","BLIP-2, nucleus, top_p=0.9, bool","BLIP-2, nucleus, top_p=0.9, name","BLIP-2, nucleus, top_p=0.9, real","BLIP-2, beam, num_beams=1, caption","BLIP-2, beam, num_beams=1, bool","BLIP-2, beam, num_beams=1, name","BLIP-2, beam, num_beams=1, real","BLIP-2, beam, num_beams=5, caption","BLIP-2, beam, num_beams=5, bool","BLIP-2, beam, num_beams=5, name","BLIP-2, beam, num_beams=5, real","BLIP-2, beam, num_beams=10, caption","BLIP-2, beam, num_beams=10, bool","BLIP-2, beam, num_beams=10, name","BLIP-2, beam, num_beams=10, real"
2001,bee hive trap,19,50,66,14,a pair of orange plastic toys on a white background,"Yes, it is a plastic egg",a yellow plastic ball,A giant orange plastic ball,a pair of orange plastic toys on a white background,"Yes, it is a plastic egg",a yellow plastic ball,A giant orange plastic ball,an orange plastic ball with holes in it,Yes,a ball,A yellow rubber ducky,a orange plastic object sitting on top of a white background,No.,a spoon,This is a real sex robot,a pair of orange plastic toys on a white background,"Yes, it is a plastic egg",a yellow plastic ball,A giant orange plastic ball,a pair of orange plastic toys on a white background,"No, I do not recognize this object.",the object in this image is an orange plastic ball,This is an orange plastic ball with a hole in the middle,a pair of orange plastic toys sitting on top of each other,Unknown,the object in this image is an orange plastic ball,I think it's a dog toy.
2002,bookend,22,83,59,9,a red metal sculpture with a curved shape,"Yes, I recognize this object.",a red vase,A red vase,a red metal sculpture with a curved shape,"Yes, I recognize this object.",a red vase,A red vase,a red sculpture that is shaped like a spiral,No,red vase,It's a vase.,"large sculptural decorative ceramic vase, red",Yes., ,a giant red plastic vase,a red metal sculpture with a curved shape,"Yes, I recognize this object.",a red vase,A red vase,a red metal sculpture on a white background,Unknown,a red vase,It's a red vase.,a red metal sculpture on a white background,Unknown,a red vase,It's a red vase.
2003,fidget toy,59,74,19,0,a set of colorful wooden blocks arranged in a line,"Yes, it is a wooden block",a wooden block,A toy that is made of wood and plastic,a set of colorful wooden blocks arranged in a line,"Yes, it is a wooden block",a wooden block,A toy that's been in the freezer for a year,"colorful blocks with the letters b, e, i, o, s, and p",Yes,a set of four colored blocks,It's a block puzzle.,four plastic colored blocks arranged in a pattern,Yes,the jig,A line of brightly colored wooden blocks,a set of colorful wooden blocks arranged in a line,"Yes, it is a wooden block",a wooden block,A toy that is made of wood and plastic,a set of colorful wooden blocks on a white background,"Yes, I recognize this object.",a stack of multi-colored blocks on a white background,This is a stack of wooden blocks.,a set of colorful wooden blocks on a white background,"Yes, I recognize this object.",the object in this image is a set of wooden blocks,This is a stack of wooden blocks.
2004,pencil sharpener,41,70,48,52,a yellow and orange plastic egg shaped object,"Yes, it is a plastic ball with a hole in the middle",a ball,A plastic egg shaped object with a hole in the middle,a yellow and orange plastic egg shaped object,"Yes, it is a plastic ball with a hole in the middle",a ball,A plastic egg shaped object with a hole in the middle,a yellow and orange ball shaped object,"Yes, it is a plastic egg",a watermelon,An orange and yellow plastic toy,the orange and yellow egg shaped plastic ball has a hole in the center,Yes! It's a round orange and yellow plastic object!,a banana,A dog ball that will take up to four pounds of ball to chew.,a yellow and orange plastic egg shaped object,"Yes, it is a plastic ball with a hole in the middle",a ball,A plastic egg shaped object with a hole in the middle,an orange and yellow plastic ball with a hole in the middle,Unknown,the object in this image is an orange and yellow ball with a hole in the middle,This is an orange and yellow plastic ball with a hole in the middle,an orange and yellow plastic ball with a hole in the middle,Unknown,the object in this image is an orange and yellow ball with a hole in the middle,This is an orange and yellow plastic ball with a hole in the middle
2005,fish tank stone,6,25,81,13,a pink and blue tie dye headband,"Yes, I recognize this object.",a rainbow unicorn headband,A rainbow unicorn headband,a pink and blue tie dye headband,"Yes, I recognize this object.",a rainbow unicorn headband,A rainbow unicorn headband,rainbow tie dye headband,"Yes, I recognize this object.",a tie dye headband,It's a rainbow tie dye unicorn horn,a colorful rainbow tie dye headband on a white background,The object is a tie dye bandanna with feathers on it,the hat is a colorful fish with a long tail,"Rainbow, glitter, rainbow unicorn, rainbow, rainbow unicorn unicorn unicorn",a pink and blue tie dye headband,"Yes, I recognize this object.",a rainbow unicorn headband,A rainbow unicorn headband,a pink and blue tie dye headband sitting on top of a white surface,Unknown,a rainbow tie-dye tie-dye tie-dye tie-dye tie-,It's a tie-dye headband.,a pink and blue tie dye headband sitting on top of a white surface,Unknown,a rainbow tie-dye tie-dye tie-dye tie-dye tie-,I don't know.  I think it's a unicorn.  I think it's a unicorn
2006,space ship top,34,64,31,3,a silver metal object with a red dot on it,"Yes, it is a star trek replicator",a star trek phaser,A space ship,a silver metal object with a red dot on it,"Yes, it is a star trek replicator",a star trek phaser,A space ship,the ufo has a metal top and a red button,No,a metal and plastic space ship,It's a space ship,"this is an older toy, which is very like a space ship",A silver metal object in the shape of a star wars ship,the ufo,"a starship from Star Trek, complete with warp-drive",a silver metal object with a red dot on it,"Yes, it is a star trek replicator",a star trek phaser,A space ship,a silver metal object on top of a white background,"No, I do not recognize this object.",the object in this image is a model of the ufo from the movie 2001 a space odyssey,"I think it's a space station, but I don't know what kind of space station it is",a close up of a silver metal object on a white background,Unknown,the object in this image is a model of the ufo from the movie 2001 a space odyssey,I don't know.  I don't know.  I don't know.  I don
2007,air blower for cleaning lenses on slr cameras,22,46,78,6,a black ball with a red handle,"Yes, it is a ball with a red handle",a ball,A rubber ball with a red handle,a black ball with a red handle,"Yes, it is a ball with a red handle",a ball,A rubber ball with a red handle,black rubber ball with red handle on white background,Yes,the object in this image is a rubber ball,A black rubber ball with a red handle,a rubber ball on a white background,YES я киноноянку давно,a rubber balloon,"A toy gun, dummy gun, or toy BB gun",a black ball with a red handle,"Yes, it is a ball with a red handle",a ball,A rubber ball with a red handle,a black ball with a red handle on a white background,Unknown,the object in this image is a black ball with a red handle,This is a black rubber ball with a red handle,a black ball with a red handle on a white background,Unknown,the object in this image is a black ball with a red handle,This is a black rubber ball with a red handle
2008,curlers formed together,34,25,48,16,a blue rubber toy with two arms,"Yes, it is a blue rubber band",a knot,A dog toy,a blue rubber toy with two white handles,"Yes, it is a blue rubber band",a knot,A dog toy,a blue rubber toy with two white handles,No,a blue ball and chain,It's a rope toy,a blue foam sculpture that has one of its legs bent,A rubber dog chew toy,a kite,I think it's just a very well-crafted blue plastic dog bone.,a blue rubber toy with two arms,"Yes, it is a blue rubber band",a knot,A dog toy,a pair of blue and white rubber toys on a white background,Unknown,a knot,I think it's a dog toy.,a blue and white dog toy on a white background,Unknown,an object in the shape of a knot,I don't know.  I don't know.  I don't know.  I don
2009,dog toy,47,78,65,45,a toy that looks like a spiky orange object,"Yes, it is a toy that is shaped like a letter x",a spiky orange toy,A dog toy,a toy that looks like a spiky orange object,"Yes, it is a toy with spiky spikes",a spiky orange toy,A dog toy,an orange toy with spiky spikes on it,"Yes, it is a toy shaped like a spiky, orange star",an orange ball shaped toy with spikes,An orange toy shaped like a letter x,orange dog toy with spikes and holes on it,"Yes or no, does this represent a letter X?",A squishy toy with large spikes on it.,"A toy spiky, green sea creature shaped like a j, in the shape of a sea shell",a toy that looks like a spiky orange object,"Yes, it is a toy that is shaped like a letter x",a spiky orange toy,A dog toy,an orange dog toy with spikes on it,Unknown,an orange dog toy with spikes on it,"This is an orange dog toy that looks like a spiky, spiky, spiky, sp",an orange dog toy with spikes on it,Unknown,an orange dog toy with spikes on it,"This is an orange dog toy that is shaped like a spiky, spiky, spiky,"
2010,dog toy,66,52,50,25,a red and blue toy with colorful dots,"Yes, it is a red ball with blue and yellow dots",a red ball with blue and yellow dots,A dog toy,a red and blue toy with colorful dots,"Yes, it is a red ball with blue and yellow dots",a red ball with blue and yellow dots,A dog toy,dog toy with red and blue sprinkles on it,"Yes, it is a red ball with multi colored dots",a dog toy,"It's a red, yellow, and blue ball of dog toys",a red ball with several different colored spots,"Red, multi colored, spiky, squishy toy ball, with a hole in the middle and",the red rubber toy with lots of colorful spots,A dog toy,a red and blue toy with colorful dots,"Yes, it is a red ball with blue and yellow dots",a red ball with blue and yellow dots,A dog toy,a red dog toy with multicolored dots on it,"No, I do not recognize this object",a red ball with multicolored dots on it,"This is a red ball with blue, yellow, and white dots on it",a red dog toy with multicolored dots on it,"No, I do not recognize this object","a red ball with blue, yellow and white dots on it","This is a red ball with blue, yellow, and white dots on it"
2011,noisemaker,22,75,88,3,a green and orange plastic toy with two handles,"Yes, I recognize this object",a toy,A toy that is made of plastic and has two orange and green plastic handles,a green and orange plastic toy with two handles,"Yes, I recognize this object",a toy,A toy that is made of plastic and has two orange and green plastic handles,a plastic toy that has two orange and green handles,Yes,a plastic water gun,A toy.,hot sale wooden wooden kids spinning wheel - chenzhen,"Yes, I do",a screwdriver,"This is a plastic drill, but you will have a better chance of actually getting the thing to spin",a green and orange plastic toy with two handles,"Yes, I recognize this object",a toy,A toy that is made of plastic and has two orange and green plastic handles,a green and orange plastic toy with two handles,Unknown,a plastic toy with two orange and green balls attached to it,This is a plastic toy with two orange and one green handle,a green and orange plastic toy on a white background,Unknown,the object in this image is an orange and green plastic toy,This is a plastic toy with two orange and one green handle
2012,coiled worm toy,41,50,59,41,a red plastic toy with orange tentacles,"Yes, I recognize this object.",a red sea urchin,A red sea urchin,a red plastic toy with orange tentacles,"Yes, I recognize this object.",a red sea urchin,A red sea urchin,a pink plastic sea anemone with orange tentacles,Yes,an orange sea urchin,A plastic sea urchin,a red plastic spider and red spikes sitting on a white background,I don't know.  It's not an echinus.  I guess not.,"a red anemone, red coral",I really think this is a pink plastic sea urchin.,a red plastic toy with orange tentacles,"Yes, I recognize this object.",a red sea urchin,A red sea urchin,a red and orange plastic sea urchin on a white background,"No, I do not recognize this object.",a sea urchin,It's a red sea urchin.,a red and orange plastic sea urchin on a white background,"No, I do not recognize this object.",a sea urchin,It's a red sea urchin.
2013,sling shot,6,20,87,6,a yellow and orange plastic toy with a foot,"Yes, it is a plastic bottle opener",a tripod,A giant orange and yellow plastic foot,a yellow and orange plastic toy with a foot,"Yes, it is a plastic bottle opener",a tripod,A plastic toy with a yellow and orange top,an orange and yellow toy that is on a stand,yes,a footstool,A lego man in a yellow and orange costume,the stand on top of the stand is orange and yellow,Yes,a leg press,"My first thought is that this is some sort of novelty food or drink holder, as there's nothing",a yellow and orange plastic toy with a foot,"Yes, it is a plastic bottle opener",a tripod,A giant orange and yellow plastic foot,an orange and yellow plastic stand with an orange top,Unknown,the object in this image is an orange and yellow toy,"This is an orange, yellow, and black plastic toy that is shaped like a tripod.",an orange and yellow plastic toy on a white background,Unknown,the object in this image is an orange and yellow toy,This is an orange and yellow plastic toy that is shaped like a tripod
2014,light-up toy,38,75,39,0,a toy ball with a yellow and pink design,"Yes, it is a ball with a yellow handle",a ball,A magic wand.,a toy ball with a yellow and pink design,"Yes, it is a ball with a yellow handle",a ball,A magic wand.,an image of a toy with a colorful ball,A colorful ball with a yellow handle,a ball,A giant purple and yellow ball with a plastic handle,a pink plastic toy with a yellow handle,It is a magic show balloon, ,"A giant, inflatable, pink, purple and gold ball with the face of a clown",a toy ball with a yellow and pink design,"Yes, it is a ball with a yellow handle",a ball,A magic wand.,a pink and yellow ball with a yellow handle,"Yes, I recognize this object.",the object in this image is a pink ball with a yellow handle,It's a magic wand.,a pink and yellow ball with a yellow handle,Unknown,a kazoo,This is a plastic ball with a pink and yellow pattern on it
2015,ball catcher,38,78,55,10,a blue plastic shoe holder with holes on the side,"Yes, I recognize this object.",a blue plastic shoe,A blue plastic shoe holder,a blue plastic shoe holder with holes on the side,"Yes, I recognize this object.",a blue plastic shoe,A blue plastic shoe holder,a blue plastic bottle holder with holes on the side,"Yes, I recognize this object.",blue,A plastic toy car.,a blue plastic device that has a hole in the middle,Blue,the blue plastic bottle holder,I think I want to put this on my wrist.,a blue plastic shoe holder with holes on the side,"Yes, I recognize this object.",a blue plastic shoe,A blue plastic shoe holder,a blue plastic shoe holder on a white background,"No, I do not recognize this object",the object in this image is a blue plastic shoe holder,This is a blue plastic shoe holder with holes in it,a blue plastic shoe holder on a white background,"Yes, I recognize this object.",the object in this image is a blue plastic shoe holder,This is a blue plastic shoe holder with holes in it
2016,bird toy,28,21,61,6,a blue and white mop with a blue handle,"Yes, it is a mop",a mop,A dog toy,a blue and white mop with a yellow handle,"Yes, it is a mop",a mop,A dog toy,a toy with blue and white yarn in the middle,No,a mop,A dog turd in a dog toy,an orange and blue rubber mop in the shape of a cone,It's an orange funnel with white and blue yarn on it,a toy dinglehopper toy,It's a cotton swab - a dog tooth brush,a blue and white mop with a blue handle,"Yes, it is a mop",a mop,A dog toy,an orange and blue mop with blue and white tassels,Unknown,an orange cone with blue and white tassels,It's a mop.,an orange and blue mop with blue and white tassels,Unknown,the object in this image is an orange cone with blue and white tassels,This is an orange and blue plastic cone with blue and white tassels on it
2017,kenetic wheel,41,29,23,13,a metal and plastic device with a blue handle,"Yes, I recognize this object",a metal ball and a metal hook,A toy mouse trap,a metal and plastic device with a blue handle,"Yes, I recognize this object",a cat toy,A metal ball with a plastic handle,a blue and orange toy with a metal hook,yes,a screwdriver,A plastic toy that is attached to a metal rod,a small metal device with a blue and yellow plastic handle,"Yes, it's a cat toy",A plaice,A plastic fruit,a metal and plastic device with a blue handle,"Yes, I recognize this object",a metal ball and a metal hook,A toy mouse trap,a metal and plastic device with an orange ball attached to it,Unknown,the object in this image is a metal hook with a blue and orange ball attached to it,This is a cat toy.,a metal and plastic device with an orange ball attached to it,Unknown,the object in this image is a metal hook with an orange ball attached to it,This is a cat toy.
2018,coils string,16,50,61,6,a yellow plastic container with a lid,"Yes, it is a yellow plastic container",a yellow plastic container,A yellow plastic container with a lid,a yellow plastic container with a lid,"Yes, it is a yellow plastic container",a yellow plastic container,A yellow plastic container with a lid,a yellow plastic bowl with a black lid,"Yes, I recognize this object",a yellow plastic dish,A yellow plastic bowl,the light on top of the yellow cover,I can't tell for sure whether this is a box or not,the object in this image is a round yellow plastic dish with lid,I would bet it is an electronic light,a yellow plastic container with a lid,"Yes, it is a yellow plastic container",a yellow plastic container,A yellow plastic container with a lid,a yellow plastic container with a lid on a white background,Unknown,the object in this image is a yellow plastic container,This is a yellow plastic container with a lid,a yellow plastic container with a lid on a white background,Unknown,the object in this image is a yellow plastic container,This is a yellow plastic container with a hole in the lid
2019,cat nip toy,31,67,38,25,a yellow and orange plastic egg with a white background,"Yes, it is a yellow egg with orange and white stripes",a candy corn,A candy corn egg,a yellow and orange plastic egg with a white background,"Yes, it is a yellow egg with orange and white stripes",a candy corn,A candy corn egg,a yellow and orange egg shaped toy with a fluffy tail,No,a pumpkin,A candy corn.,"a small, yellow, orange and white egg with a long straw","yellow egg, orange egg, yes egg, no egg",a duck-shaped candle holder,"A pumpkin, or maybe a carrot?",a yellow and orange plastic egg with a white background,"Yes, it is a yellow egg with orange and white stripes",a candy corn,A candy corn egg,a yellow and orange plastic egg with a white background,"No, I don't recognize this object.",an orange and yellow egg with an orange and yellow hat on top of it,This is an orange and yellow plastic egg with an orange and yellow hat on top of it,a yellow and orange plastic egg with a white background,"No, I do not recognize this object.",an orange and yellow plastic egg with an orange and yellow hat on top of it,This is an orange and yellow plastic egg with an orange and yellow hat on top of it
2020,ladder of jacob,41,36,29,6,a set of four colorful coasters with a ribbon,"Yes, it is a coaster",a coaster,A set of four colorful coasters,a set of four colorful coasters with a ribbon,"Yes, it is a coaster",a coaster,A set of four colorful coasters,four different colored blocks stacked on top of each other,yes,a square of colored plastic,This is a set of four colorful blocks,four colored plastic coasters on a white surface,yes,"coasters, coasters are made from a hard plastic material that can be placed on top of any",It's a stackable folding coffe table,a set of four colorful coasters with a ribbon,"Yes, it is a coaster",a coaster,A set of four colorful coasters,a set of four wooden coasters in different colors,"Yes, I recognize this object",a coaster,"This is a set of four wooden coasters, each with a different color",a set of four wooden coasters in different colors,Yes,a coaster,"This is a set of four wooden coasters, each with a different color"
2021,foam arrow,9,29,84,3,a pink and green foam ball with four holes,"Yes, I recognize this object.",a flower,A bunch of pink and green balloons,a pink and green flower shaped object,"Yes, I recognize this object.",a flower,A little bit of everything.,a pink and green pipe cleaner with black and white pipes,"No, I do not recognize this object",a pipe cleaner,A little bit of this and a little bit of that.,a toy like the one with pink and green rings,The object is a screwdriver,a toothbrush,"A penis butt plug, of course.I’m sorry you feel this way. Have",a pink and green foam ball with four holes,"Yes, I recognize this object.",a flower,A bunch of pink and green balloons,a bunch of pink and green balloons on a white background,"Yes, I recognize this object.","the object in this image is a pink, green and black flower",It's a little bit of everything. It's a little bit of everything. It's a little,a bunch of pink and green balloons sitting on top of each other,Unknown,"the object in this image is a bunch of pink, green and black pipe cleaners","It looks like a bunch of pink, green, and black pipe cleaners, but it's actually a"
2022,marker,9,15,70,13,a green plastic cone with a small hole,"Yes, it is a green plastic cone",a green plastic cone,A green plastic water bottle,a green plastic cone with a small hole,"Yes, it is a green plastic cone",a green plastic cone,A green plastic water bottle,green plastic cone with white background,Green,green cone,A green water bottle,a green plastic pot holder sitting on top of a white background,"No, I do not recognize this object, but I recognize the shape",a cup,It's an oversized water bottle.,a green plastic cone with a small hole,"Yes, it is a green plastic cone",a green plastic cone,A green plastic water bottle,a green plastic object sitting on top of a white background,Unknown,a green plastic water bottle with a hole in the top,This is a green plastic water bottle with a hole in the top,a green plastic object sitting on top of a white background,Unknown,the object in this image is a green plastic cone,This is a green plastic water bottle with a hole in the top
2023,color changing ball,13,31,87,17,a black and white ball with a white and black design,"Yes, it is a black and white ball",a ball,A black and white ball with a bunch of white and black objects,a black and white ball with a white and black design,"Yes, it is a black and white ball",a ball,A black and white ball with a bunch of white and black objects,a white and black plastic ball with many pieces,Yes,a white and black ball,It's a vase made from the discarded records of the 70s,white and black colored ball is on display,The object is a black and white disc with a white circular rim,a black and white sphere with a lot of small balls inside,A piece of art made from paper!,a black and white ball with a white and black design,"Yes, it is a black and white ball",a ball,A black and white ball with a bunch of white and black objects,a black and white sculpture of a ball on a white surface,"Yes, I recognize this object.",a black and white ball,I think this is a black and white ball with a bunch of black and white balls inside of it,a close up of a black and white ball on a white surface,"No, I do not recognize this object.",the object in this image is a black and white ball,I think this is a black and white ball with a bunch of black and white balls inside of it
2024,connected disk toy,81,44,41,3,"a toy that is made of plastic and has a yellow, red and blue star",Yes,a toy,"A toy that is made of plastic and has a yellow, red and blue star on it","a toy that is made of plastic and has a yellow, red and blue star",Yes,a toy,"A toy that is made of plastic and has a yellow, red and blue star on it",a toy is made of several pieces of plastic,Yes,a star,"It's a toy that has a star shape, and a lot of colors",stellaluna star shaped puzzle toy for kids,"Yes, it is the sun",a star,A giant green butterfly.,"a toy that is made of plastic and has a yellow, red and blue star",Yes,a toy,"A toy that is made of plastic and has a yellow, red and blue star on it","a yellow, blue and red plastic toy with a star on it","Yes, I recognize this object.",a sunflower.,I think it's a toy.,"a yellow, blue, and red plastic toy that is shaped like a star",Unknown,"it's a toy, a toy, a toy, a toy, a toy, a toy,",I think it's a toy.
2025,boomerang,6,14,58,13,a blue plastic foot rest with a white background,"Yes, it is a blue plastic foot rest",a shoe,A blue plastic footrest,a blue plastic foot rest with a white background,"Yes, it is a blue plastic foot rest",a shoe,A blue plastic footrest,the shoe has been made with blue and white marble,Yes,the foot,A pair of blue orthotic insoles,a 3d model of a blue shoe with a small shoe on it,Yes,"I'm sorry, I can't answer that question, I have no idea","A 3D printed toy airplane, but it's the only toy in a sea of sand",a blue plastic foot rest with a white background,"Yes, it is a blue plastic foot rest",a shoe,A blue plastic footrest,an image of a blue shoe with a white background,Unknown,the object in this image is a blue shoe,"I think it's a footrest for a chair, but I don't know what kind of chair",a blue plastic foot rest on a white surface,Unknown,the object in this image is a blue shoe,I don't know. I don't know. I don't know. I don't know.
2026,dog toy,16,71,63,17,a green and red plastic toy on a white background,"Yes, it is a green and red plastic toy",a dog bone,A dog toy,a green and red plastic toy on a white background,"Yes, it is a green and red plastic toy",a dog bone,A dog toy,a green plastic toy that has a red handle,"No, this is not a real answer.",a toothbrush,A toy dog bone,green hand grip with red handle,Yes,A dog chew toy,A dog bone,a green and red plastic toy on a white background,"Yes, it is a green and red plastic toy",a dog bone,A dog toy,a green and red plastic dog toy on a white background,"Yes, I recognize this object.",the object in this image is a green and red dog toy,This is a green and red plastic dog toy,a green and red dog toy on a white background,Unknown,the object in this image is green and red,This is a green and red plastic dog toy
2027,cover for room fresheners,22,38,47,9,a white ball with a hole in the middle,"Yes, I recognize this object",a ball,A ball of plastic,a white ball with a hole in the middle,"Yes, I recognize this object",a ball,A ball of plastic,a white plastic ball with a hole in the top,No,a ball,A ball of pure white plastic,an image of a white plastic toy ball,"yes or no, the object is a white ball",a ball.,"I don't know what it is, but I'm pretty sure it's a baseball and I'm",a white ball with a hole in the middle,"Yes, I recognize this object",a ball,A ball of plastic,a white plastic ball on a white surface,"No, I do not recognize this object",a ball,This is a white plastic ball with a hole in the middle,a white plastic ball sitting on top of a white surface,"No, I do not recognize this object",the object in this image is a white ball,This is a white plastic ball with a hole in the middle
2028,cat toy,6,47,53,63,a pink donut with three pom poms on it,"Yes, it is a pink donut",a donut,A pink donut with a pink handle,a pink donut with three pom poms on it,"Yes, it is a pink donut",a donut,A pink donut with a pink pom pom on top,a pink donut with two pom poms attached to it,"Yes, it's a dog toy",a pink pom pom dog,A cute little stuffed animal that looks like a donut,an animal head with several little pink pom poms,"Yes I know what this is, but you have to tell me yes or no.",a pink furry snow globe,This is the best thing to ever exist,a pink donut with three pom poms on it,"Yes, it is a pink donut",a donut,A pink donut with a pink handle,a pair of pink pom poms on a white background,"Yes, I recognize this object.",a donut,It's a donut holder.,a pair of pink pom poms on a white background,Unknown,a donut.,It’s a donut.
2029,cover for room fresheners,19,27,65,16,a black plastic device with a hole in the middle,"Yes, it is a black plastic button",a black plastic cylinder,A black plastic button with a hole in the middle,a black plastic device with a hole in the middle,"Yes, it is a black plastic cylinder with a hole in the middle",a black plastic cylinder,A black plastic button with a hole in the middle,a black plastic piece of the side of a camera,"Yes, I recognize this object",a small plastic tube with a black hole in the middle,A gun mount for a gun.,"m-1 glock trigger guard, m-1 glock trigger guard, glock trigger guard","A light switch, light fixture, light bulb or light cover",a black and white pipe with a hole in the bottom and one side,I think we should have taken the whole thing out,a black plastic device with a hole in the middle,"Yes, it is a black plastic button",a black plastic cylinder,A black plastic button with a hole in the middle,a close up of a black plastic device on a white background,Unknown,the object in this image is a black plastic device,I think it's a piece of black plastic with a hole in it,a close up of a black plastic device on a white background,Unknown,the object in this image is a black object with a hole in it,I don't know. I don't know what it is. I don't know what it is
2030,marker,9,43,53,0,a blue and purple plastic toy with a face,"Yes, it is a blue and purple plastic toy",a blue and purple plastic toy,A cute little blue and purple plastic toy,a blue and purple plastic toy with a face,"Yes, it is a blue and purple plastic toy",a blue and purple plastic toy,A cute little blue and purple plastic toy,a blue plastic figurine with a purple top,Yes,a little piggy bank,A cute little piggy bank,a cute blue and white figurine sits against a white wall,You are looking at a robot designed for work at home and it will not answer.,a man in a blue hat with a purple top,This is a tiny bird bath,a blue and purple plastic toy with a face,"Yes, it is a blue and purple plastic toy",a blue and purple plastic toy,A cute little blue and purple plastic toy,a blue and purple figurine on a white background,"Yes, I recognize this object",a water bottle with a blue lid and a purple handle,I think it's a cute little toy.,a blue and purple figurine on a white background,"Yes, I recognize this object.",a small blue and purple figurine on a white background,I really think this is a cute little piggy bank.
2031,book end,16,32,35,26,a metal object with a curved shape,"Yes, I recognize this object.",a metal wave,A metal wave shaped object,a metal object with a curved shape,"Yes, I recognize this object.",a metal wave,A metal armrest,a silver metal object with a curved shape,"No, I don't recognize this object.",a metal bracket,A metal hook for hanging clothes,the metal and gray color is ideal for home decor,"Yes, we do recognize this object!",a metal folding bench, ,a metal object with a curved shape,"Yes, I recognize this object.",a metal wave,A metal wave shaped object,stainless steel bracket with a curved shape,Unknown,the object in this image is a stainless steel arm rest,I think this is a piece of metal that has been bent to look like a wave.,an image of a metal object on a white background,Only answer with Unknown,the object in this image is a stainless steel arm rest,I don't know.  I don't know.  I don't know.  I don
2032,submarine,47,90,50,3,a toy airplane shaped like a rocket on a white background,"Yes, it is a rocket",a rocket,A toy rocket,a toy airplane shaped like a rocket on a white background,"Yes, it is a rocket",a rocket,A toy rocket,a toy airplane shaped like a plane on a white background,"Yes, it is a rocket.",an orange plastic toy with a blue and white propeller,A little orange rocket with a blue wing,magnasonic rocket booster toy for children,No,the space shuttle,A little orange rubber bird,a toy airplane shaped like a rocket on a white background,"Yes, it is a rocket",a rocket,A toy rocket,an orange plastic toy airplane on a white background,"Yes, I recognize this object.",an orange rocket shaped toy on a white background,This is an orange plastic toy airplane with a blue propeller on top,an orange plastic toy airplane on a white background,"Yes, I recognize this object.",the object in this image is an orange toy airplane,This is an orange and blue plastic toy that looks like a rocket ship
2033,cat toy cage,9,57,55,3,a small orange plastic basket with a green handle,Yes,a toy box,A toy box,a small orange plastic basket with a green handle,Yes,a toy box,A toy box,an orange plastic box with a green and white design,"No, I do not recognize this object.",a basket,A toy box,"orange plastic chair, with green handles and a metal bar",Orange,a plastic tray.,"The new version of the kangaroo shoeHaha, they are actually taking out the """,a small orange plastic basket with a green handle,Yes,a toy box,A toy box,an orange plastic basket with a green handle,"No, I do not recognize this object",an orange plastic box with a green handle,This is an orange and green plastic toy box,an orange plastic storage box with a green handle,Unknown,the object in this image is an orange crate,This is an orange and green plastic box with a hole in the top and a hole in the bottom
2034,worm ball with cut off hands or stars,72,39,45,26,a pile of colorful rubber bands on a white background,"Yes, it is a rubber ball",a pile of colorful rubber bands,A pile of colorful rubber bands,a pile of colorful rubber bands on a white background,"Yes, it is a rubber ball",a pile of colorful rubber bands,A pile of colorful rubber bands,a bunch of colorful rubber bands,"Yes, I recognize this object",a kite,This is a rubber ball with a bunch of colorful rubber bands on it,a pile of colorful hair rubber ducky,The green and yellow plastic tubes are plastic o-rings,a rubber hair-brush.,This is a pile of rainbow colored rubber balls that are in a stack,a pile of colorful rubber bands on a white background,"Yes, it is a rubber ball",a pile of colorful rubber bands,A pile of colorful rubber bands,a pile of colorful rubber bands on a white background,"Yes, I recognize this object.",a pile of colorful rubber bands on a white background,I think it's a pile of rubber bands.,a pile of colorful rubber bands on a white background,Unknown,"a pile of yellow, pink, and green rubber bands",I think it's a pile of rubber bands.
2035,giant pen with pen tip removed and cooper scourer pad on top,13,54,47,13,a blue and brown hair brush with a brown handle,"Yes, it is a ball of yarn",a ball,A blue and brown ball with a red handle,a blue and brown hair brush with a brown handle,"Yes, it is a ball of yarn",a ball,A ball of yarn,a blue and brown hairbrush with a blue handle,Yes,a ball of brown wool,It's a giant rubber ball.,a blue and brown sponge holder on a white surface,yes,a spongy blue balloon,I think the thing is a ballpoint pen that's been,a blue and brown hair brush with a brown handle,"Yes, it is a ball of yarn",a ball,A blue and brown ball with a red handle,a blue and brown ball on a white background,"No, I do not recognize this object",the object in this image is a blue and brown ball,"It’s a hair dryer, but it’s not a hair dryer.",a blue and brown hair brush on a white background,"No, I do not recognize this object",the object in this image is a blue and brown ball,It’s a hair dryer.
2036,cup and ball toy,59,70,20,20,"a wooden toy with a red, yellow and green ball","Yes, it is a wooden toy hammer",a wooden toy hammer,A wooden toy hammer,"a wooden toy with a red, yellow and green ball","Yes, it is a wooden toy hammer",a wooden toy hammer,A wooden toy hammer,"a wooden toy hammer with a red, yellow and green striped handle",Yes,a toy hammer,"A wooden toy drum with a red, yellow, green, and blue ball",penny whipper wooden toy,"Yes, we are holding this toy.", ,"An old, wooden, colorful toy percussion bell","a wooden toy with a red, yellow and green ball","Yes, it is a wooden toy hammer",a wooden toy hammer,A wooden toy hammer,"a wooden toy hammer with a red, yellow, green and blue ball","Yes, I recognize this object.","a wooden toy hammer with a red, yellow, green, and blue ball","This is a wooden toy hammer with a red, yellow, green, and blue ball attached to it","a wooden toy hammer with a red, yellow, green and blue ball",Unknown,"a wooden toy hammer with a red, yellow, green, and blue ball","This is a wooden toy hammer with a red, yellow, green, and blue ball attached to it"
2037,teething ring,34,24,37,3,a pink plastic bracelet with four balls on it,"Yes, I recognize this object.",a pink plastic ring,A pink plastic ring with four balls on it,a pink plastic bracelet with four balls on it,"Yes, I recognize this object.",a pink plastic ring,A silicone ring with a pink ball on top,the bracelet is made of pink plastic beads,"Yes, it is a bracelet with three pink balls",a bracelet,A plastic ring with six balls on it,pink plastic bracelets that are in the shape of a bracelet,"I am wearing my pink bracelets, and I am wearing my pink t - shirt with a pink",the bracelet with the ball and ball bead on each end.,it's a rubber ball,a pink plastic bracelet with four balls on it,"Yes, I recognize this object.",a pink plastic ring,A pink plastic ring with four balls on it,a pink plastic bracelet with four balls on it,Unknown,it's a pink plastic ring with four balls on it,It’s a pink rubber ring with a bunch of balls on it,a pair of pink plastic balls on a white background,Unknown,the object in this image is a pink plastic ring,It’s a rubber ring with a bunch of plastic balls in it.
2038,heart shaped slinky,56,63,26,6,a colorful set of plastic rings with a heart shape,"Yes, I recognize this object.",a heart,A giant rubber band,a colorful set of plastic rings with a heart shape,"Yes, I recognize this object.",a heart,A rainbow of plastic rings,a colorful ring made out of rubber bands,"Yes, I recognize this object",the object in this image is a multi colored plastic ring,It's a giant 3D printed heart.,this is a picture of three rubber bands,"Yes or no, we have three shapes of these objects.","the cloudI don't have a source, but I remember seeing somewhere that this is a fairly",It's a rubber ring designed to look like a heart,a colorful set of plastic rings with a heart shape,"Yes, I recognize this object.",a heart,A giant rubber band,"an orange, yellow, green, and pink heart shaped toy","Yes, I recognize this object",an object in this image is called an object in this image is called an object in this image is,I think it's a bunch of rubber bands that have been twisted together to form a heart shape.,a bunch of colorful rubber bands on a white background,Unknown,"the object in this image is an orange, yellow, green, blue, pink, purple, and",I think it's a bunch of rubber bands that have been put together to look like a heart.
2039,led top,28,64,61,13,a green plastic toy with a cross on it,"Yes, it is a green plastic cross",a fidget spinner,A green plastic cross shaped toy,a green plastic toy with a cross on it,"Yes, it is a green plastic cross",a fidget spinner,A green plastic cross shaped toy,a green plastic cross shaped toy with a light inside,Yes,A fidget spinner,A green plastic toy that has a cross shape on it,a green plastic toy cross shaped object,no,a toy cross with green pieces,It's a fucking light saber.Just got out of the shower and my legs are completely,a green plastic toy with a cross on it,"Yes, it is a green plastic cross",a fidget spinner,A green plastic cross shaped toy,a green plastic cross shaped toy on a white background,Unknown,a fidget spinner.,It's a fidget spinner.,a green plastic cross shaped toy on a white background,Unknown,a fidget spinner,It's a fidget spinner.
2040,rubber toy,31,64,63,16,a blue and yellow toy with a ball,"Yes, it is a ball with a blue and yellow tangle",a ball,A ball of blue and yellow rubber,a blue and yellow toy with a ball,"Yes, it is a ball with a blue and yellow tangle",a ball,A ball of blue and yellow rubber,a blue and yellow toy ball with a ball inside,Yes,a toy ball with a blue and yellow tangle of hair,A blue ball with yellow spikes,hayflip blue - ball toy,Yes,a ball of slime,~~~ ~~~,a blue and yellow toy with a ball,"Yes, it is a ball with a blue and yellow tangle",a ball,A ball of blue and yellow rubber,a toy ball with blue and yellow hair,"No, I do not recognize this object",a ball with a blue and yellow pom pom,This is a blue and yellow ball with a blue and yellow pom pom on top of it,a toy ball with blue and yellow hair on it,"No, I do not recognize this object",a ball with a blue and yellow pom pom,This is a blue and yellow ball with a blue and yellow pom pom on top of it
2041,massager,34,38,23,20,a wooden toy with four balls on it,"Yes, it is a wooden cross",a cross,A wooden cross,a wooden toy with four balls on it,"Yes, it is a wooden cross",a cross,A wooden cross,a wooden toy with four balls on top of it,"Yes, this is a cross.",a ball and a cross,A set of three balls,"wooden wooden ball pendant pendulum for toy, for kids, kid, kid, toy,","No, wood-covered balls",a wooden cross,"A toy, because you think it should be one, because it was made that way",a wooden toy with four balls on it,"Yes, it is a wooden cross",a cross,A wooden cross,a wooden toy with four balls on a white background,"Yes, I recognize this object.",a cross-shaped wooden toy with four wooden balls on each side,This is a cross made out of wood and blue balls,a set of four wooden balls on a white background,Unknown,a cross-shaped wooden toy with four wooden balls on the top and four wooden balls on the bottom,This is a cross made out of wood and blue balls
2042,small personal fan without blades,38,67,81,3,a blue and yellow plastic spray bottle,"Yes, it is a blue and yellow plastic bottle",a blue and yellow plastic bottle,A blue and yellow plastic spray bottle,a blue and yellow plastic spray bottle,"Yes, it is a blue and yellow plastic bottle",a blue and yellow plastic bottle,A blue and yellow plastic spray bottle,a blue and yellow plastic hand sprayer,"Yes, it's a plastic yellow and blue water bottle",A blue plastic water bottle with a yellow top,It's a spray bottle.,blue and yellow spray can with no cap on white background,Yes.  A small blue object.,an orange object,"That's a sprayer for applying water-soluble adhesive, not for cleaning the dishes.",a blue and yellow plastic spray bottle,"Yes, it is a blue and yellow plastic bottle",a blue and yellow plastic bottle,A blue and yellow plastic spray bottle,a blue and yellow spray bottle on a white background,"Yes, I recognize this object.",a water bottle with a blue cap and yellow handle,This is a blue and yellow spray bottle with an orange cap,a blue and yellow spray bottle on a white background,"Yes, I recognize this object.",the object in this image is a blue and yellow spray bottle,This is a spray bottle with a blue and yellow cap
2043,clacker,66,76,65,6,a toy with two balls and a string,"Yes, I recognize this object",a ball,A toy that is made of plastic and has two balls attached to it,a toy with two balls and a string,"Yes, I recognize this object",a ball,A toy that is made of plastic and has two balls attached to it,a toy that has a yellow and green ball and a pink one,Yes,a ball and string,A string toy with balls,ball windmill toys,Yes I recognized this object,toy yoyo,This is a ball and string,a toy with two balls and a string,"Yes, I recognize this object",a ball,A toy that is made of plastic and has two balls attached to it,a plastic toy with two balls attached to it,Unknown,a rubber ball with a string attached to it,This is a rubber ball with a string attached to it,a plastic toy with two balls attached to it,Unknown,the object in this image is a toy that has two balls attached to it,It's a rubber ball with a string attached to it.
2044,diving toy with small weight,6,27,94,6,a toy with a blue ball and orange toothbrush,"Yes, it is a toothbrush",a toothbrush,A toothbrush,a toy with a blue ball and orange toothbrush,"Yes, it is a toothbrush",a toothbrush,A toothbrush,a toy with a blue and orange ball on top,A toy ball with a plastic ball on top,an orange ball,A toothbrush with a plastic ball,a toy dog toy is shaped like an octopus,"Yes, I know this orange ball of wire",A pipe wrench,A giant orange pill that you're about to take,a toy with a blue ball and orange toothbrush,"Yes, it is a toothbrush",a toothbrush,A toothbrush,an orange and blue toothbrush with a ball on it,"No, I don't recognize this object",an orange and blue toothbrush,This is an orange and blue toothbrush with a ball on the end,a close up of an orange and blue toothbrush,"No, I don't recognize this object",the object in this image is an orange and blue toothbrush,This is an orange and blue toothbrush with a ball on the end
2045,wooden ball toy,25,29,3,55,a wooden spoon with five holes on it,"Yes, I recognize this object.",a spoon,A wooden spoon holder,a wooden spoon with five holes on it,"Yes, I recognize this object.",a spoon,A wooden spoon holder,a wooden spoon with six holes on it,This is a wooden spoon with six holes in it,a toothbrush holder,This is a wooden toothbrush holder,the large wooden spoon has 5 holes on the end,Yes. Yes. No.,my hand,The world's first wooden dildo.,a wooden spoon with five holes on it,"Yes, I recognize this object.",a spoon,A wooden spoon holder,a wooden toothbrush holder with five holes in it,"No, I do not recognize this object",the object in this image is a wooden toothbrush holder,It's a wooden toothbrush holder.,a wooden toothbrush holder with five holes in it,"Yes, I recognize this object.",the object in this image is a wooden toothbrush holder,This is a wooden toothbrush holder with six holes in it
2046,keychain with bubbles inside,34,67,42,3,a small clear plastic keychain with a small blue and green design,"Yes, it is a keychain with a small square of clear plastic",a keychain,A keychain with a clear plastic rectangle,a small clear plastic keychain with a small blue and green design,"Yes, it is a keychain with a small square of clear plastic",a keychain,A keychain with a clear plastic rectangle,a clear plastic keychain with blue and green designs,Yes,a keychain,"A square glass tube with a blue, green and white pattern",mini lab test test tube 5ml green blue 4cm x 3cm,"[keyring with transparent, water -stained clear and white beads] [blue, green] [",a light blue square plastic bottle with a black and green pattern,I'm a glass keychain,a small clear plastic keychain with a small blue and green design,"Yes, it is a keychain with a small square of clear plastic",a keychain,A keychain with a clear plastic rectangle,"a clear plastic keychain with a blue, green and white design","Yes, I recognize this object.",a keychain,"This is a keychain with a clear plastic rectangle with a blue, green and white design on it","a clear plastic keychain with a blue, green and white design","Yes, I recognize this object.",a keychain,This is a keychain with a small square of clear plastic with blue and green swirls on it
2047,perfume sprayer,41,32,50,3,a black and silver metal bottle with a white background,"Yes, I recognize this object.",a black and white striped metal cylinder,A black and silver metal cylinder with a white stripe,a black and silver bottle with a metal cap,"Yes, I recognize this object.",a black and white striped metal cylinder,A black and silver metal cylinder with a white stripe,a black and silver aerosol bottle with a silver top,"Yes, I recognize this object.",a bottle,This is a black and silver metal canister,an open air cooler with a black striping on the side,the metal body is black,A metal and glass tube,This is an electronic cigarette.,a black and silver metal bottle with a white background,"Yes, I recognize this object.",a black and white striped metal cylinder,A black and silver metal cylinder with a white stripe,a black and silver cigarette lighter on a white background,Unknown,the object in this image is a black and white cigarette lighter,It's an electronic cigarette.,a black and silver cigarette lighter on a white background,Unknown,the object in this image is a black and white cigarette lighter,It's an electronic cigarette.
2048,worm ball with hands and stars cut off,13,47,55,6,a pile of colorful plastic balls on a white background,"Yes, it is a ball",a ball,A pile of colorful plastic balls,a pile of colorful plastic balls on a white background,Yes,a ball,A pile of colorful plastic balls,colorful plastic balls in a pile on a white background,"A blue ball, a pink ball, a yellow ball, a blue ball, a pink ball,",a toy ball,A bunch of colorful plastic balls,colorful plastic toys piled on top of one another,No.,a toy octopus ball,That it is a pile of plastic balls,a pile of colorful plastic balls on a white background,"Yes, it is a ball",a ball,A pile of colorful plastic balls,a pile of colorful plastic balls on a white background,"No, I don't recognize this object",a pile of colorful plastic balls on a white background,This is a pile of colorful plastic balls,a pile of colorful plastic balls on a white background,Unknown,the object in this image is a pile of colorful plastic balls,This is a bunch of colorful plastic balls that are sitting on top of each other
2049,slide whistle,19,44,39,10,a blue pen with a metal hook on the end,"Yes, I recognize this object",a pen,A pen.,a blue pen with a metal hook on the end,"Yes, I recognize this object",a pen,A pen.,a blue pen with a white handle on a white background,Blue pen with white tip,A pen,"This is a pen that looks like a pen, but it is actually a fountain pen",a small blue plastic tube with a white loop on the end,Blue pen,a screwdriver,"This is the newest addition to our family of products, which includes: the Q - the Q -",a blue pen with a metal hook on the end,"Yes, I recognize this object",a pen,A pen.,a blue pen on a white background,Unknown,the object in this image is a pen with a blue handle,"I think it's a pencil sharpener, but I don't know what kind of pencil it is",a blue pen on a white background,Unknown,the object in this image is a blue pen,"I think it's a pencil sharpener, but I don't know what kind of pencil it is"
2050,mobile phone stand for car,31,68,45,0,a black plastic car mount with a handle,"Yes, I recognize this object.",a black plastic cup holder,A car phone holder,a black plastic car mount with a handle,"Yes, I recognize this object.",a black plastic cup holder,A car phone holder,a black plastic cup holder with a handle on it,"Yes, I recognize this object",a black plastic cup holder,A car phone holder.,an image of the black car mount holder,The round ball is the part of the car radio antenna and the hole is the hole of the metal,a camera tripod,My hand in yours.I wonder what the most common things are that are stolen from stores?,a black plastic car mount with a handle,"Yes, I recognize this object.",a black plastic cup holder,A car phone holder,a black plastic car mount on a white background,Unknown,the object in this image is a car phone holder,This is a car phone holder.,a black car phone holder on a white background,Only answer with Unknown,the object in this image is a car phone holder,This is a black plastic cup holder for your car's cup holder
2051,finger castanet,53,60,47,9,a green toilet seat with a pink bow on it,"Yes, it is a green toilet seat",a toilet seat,A toilet seat,a green toilet seat with a pink bow on it,"Yes, it is a green toilet seat",a toilet seat,A toilet seat,a green toilet seat with a wooden lid,"No, I do not recognize this object.",a green plastic toilet seat,This is a green toilet seat with a wooden lid,a green plastic toilet seat with handles,"green wooden chair with yellow handle, see picture",a toilet seat,A potty seat made of metal and plastic.,a green toilet seat with a pink bow on it,"Yes, it is a green toilet seat",a toilet seat,A toilet seat,a green toilet seat with a pink bow on it,"No, I don't recognize this object.",a toilet seat,This is a green toilet seat with a pink bow on it,a green toilet seat with a pink bow on it,"Unknown  Q: Only answer with yes or no,",a toilet seat,This is a green toilet seat with a pink bow on it
2052,noisemaker,41,53,63,7,a green plastic flower shaped tool with a pink handle,"Yes, I recognize this object.",a flower pot,A flower picker,a green plastic flower shaped tool with a pink handle,"Yes, I recognize this object.",a flower pot,A flower picker,a green plastic spoon with a pink handle,"Yes, it is a flower holder.",A flower picker,"A small, plastic, plastic flower with a handle and a green plastic stem",a plastic flower with a green and pink handle,Yes!, ,a flowery plastic sex toy,a green plastic flower shaped tool with a pink handle,"Yes, I recognize this object.",a flower pot,A flower picker,a green plastic spoon with a pink handle,Unknown,a green plastic spoon with a pink handle,It's a flower picker.,a green plastic spoon with a pink handle,Unknown,"you call it a flower pot, or a flower holder, or a flower pot holder, or a",It’s a flower picker.
2053,hand castanet,44,79,45,6,a red and black metal pole with two black handles,"Yes, I recognize this object.",a red and black metal pole,A red and black metal pole with two black clippers,a red and black metal pole with two black handles,"Yes, I recognize this object.",a red and black metal pole,A red and black metal pole with two black clippers,a red and black metal pole with a pair of scissors on it,"Yes, it is a red plastic tool",a hook,This is a hook for your belt,a black and red brush stand on a white background,Red and black nail clippers.,-   -   -   -   -   -,An old-timey screwdriver.,a red and black metal pole with two black handles,"Yes, I recognize this object.",a red and black metal pole,A red and black metal pole with two black clippers,a pair of black and red clippers on a white background,Unknown,the object in this image is a pair of scissors,I think it's a pair of scissors.,a pair of black and red clippers on a white background,Unknown,the object in this image is a pair of scissors,I think it's a pair of scissors.
2054,floating ball game,3,25,38,48,a wooden stick with a red handle on a white background,"Yes, it is a wooden stick",a wooden stick,A wooden stick with a red handle,a wooden stick with a red handle on a white background,"Yes, it is a wooden stick",a wooden stick,A wooden stick with a red handle,wooden stick on red stand,This is a wood stick with a red handle,a wood handle,A wooden toy that is on a red stand,a wooden pipe with red rubber handle sitting on top of a stand,Red metal barrel with two wooden handles,a tool holder,A big wooden toy that you'll see in every single one of our children's room sets,a wooden stick with a red handle on a white background,"Yes, it is a wooden stick",a wooden stick,A wooden stick with a red handle,a wooden stick with a red handle on a white background,"No, I do not recognize this object.",a wooden stick with a red handle on a white background,This is a wooden stick with a red handle,a wooden stick with a red handle on a white background,Unknown,the object in this image is a wooden stick with a red handle,This is a wooden stick with a red handle
2055,aroma therapy oil burner,13,33,53,13,a green vase with holes in it,Yes,a vase,A vase,a green vase with holes in it,Yes,a vase,A vase,green ceramic stool with holes on the sides,"Yes, it is a green ceramic vase with holes in it",a vase,A vase,a close up of a large ceramic garden sculpture,"Yes, it is made from green resin",the yellow ceramic cup,"Green.  A: Oh, no way. That's not green. That's lime.",a green vase with holes in it,Yes,a vase,A vase,a green vase with holes in it,"No, I do not recognize this object",a vase,This is a vase with holes in it.,a green vase with holes in it,Only answer with Unknown,a vase,This is a green vase with holes in it.
2056,dog toy,19,59,61,13,a toy airplane shaped like a rainbow is on a white background,"Yes, it is a toy airplane",a rainbow airplane,A toy airplane,a toy airplane shaped like a rainbow is sitting on a white surface,"Yes, it is a toy airplane",a rainbow airplane,A toy airplane,a toy plane made out of colorful plastic,"No, I don't recognize this object",a rainbow jet,A flying saucer.,a rainbow colored flying plane is shown,No,a bird nest,a toy dog with the shape of an airplane,a toy airplane shaped like a rainbow is on a white background,"Yes, it is a toy airplane",a rainbow airplane,A toy airplane,a toy airplane shaped like a rainbow is on a white background,"Yes, I recognize this object.",a toy airplane,It's a toy airplane.,a toy airplane shaped like a rainbow is on a white background,Unknown,a dog bone shaped like an airplane,I think it's a toy airplane.
2057,spout for watering can,34,32,35,3,a red fan with a black handle on a white background,"Yes, I recognize this object.",a red fan,A red plastic fan with a black handle,a red fan with a black handle on a white background,"Yes, I recognize this object.",a red fan,A red plastic fan with a black handle,a red fan with a black handle,No,a red and black plastic fan,"It's a plastic, red, fan shaped device with a black handle.",a red plastic fan on a white background,"The answer is yes.We’ve seen the top five in a row, but what",it's a red and black dog paddle,A toy,a red fan with a black handle on a white background,"Yes, I recognize this object.",a red fan,A red plastic fan with a black handle,a red fan with a black handle on a white background,"Yes, I recognize this object.",the object in this image is a red fan,This is a red plastic fan with a black handle on a white background,a red fan with a black handle on a white background,Unknown,the object in this image is a red fan,This is a red plastic fan with a black handle
2058,hole for children golf game,22,33,58,3,a pink plastic toilet seat cover,"Yes, it is a pink plastic toilet seat",a pink plastic toilet seat,A pink plastic toilet seat cover,a pink plastic toilet seat cover,"Yes, it is a pink plastic toilet seat",a pink plastic toilet seat,A pink plastic toilet seat cover,a pink plastic toilet seat cover,pink plastic toilet seat cover,a toilet seat,A pink plastic ring with a hole in the middle,a pink plastic dog food dish with hole in the center,yes,pink ernie ernie ernie ernie ernie ernie,It's a fucking dog water bowl.,a pink plastic toilet seat cover,"Yes, it is a pink plastic toilet seat",a pink plastic toilet seat,A pink plastic toilet seat cover,a pink plastic toilet seat cover on a white background,"Yes, I recognize this object.",the object in this image is a pink plastic toilet seat,This is a pink plastic toilet seat cover with a hole in the middle,a pink plastic toilet seat cover on a white background,Unknown,the object in this image is a pink plastic toilet seat,This is a pink plastic toilet seat cover with a hole in the middle
2059,maraca pen,75,92,28,0,a purple spoon with a handle on a white background,"Yes, it is a spoon",a spoon,A purple spoon with a black handle,a purple spoon with a handle on a white background,"Yes, it is a spoon",a spoon,A purple spoon with a black handle,a purple plastic spoon with a handle,Yes,a spoon,A sex toy.,a purple spork and spoon that is in an office setting,"Yes or no - Yes, it is the answer","an object for your butt, it's purple","A vacuum, with a dildo, attached to it",a purple spoon with a handle on a white background,"Yes, it is a spoon",a spoon,A purple spoon with a black handle,a purple spoon with a black handle on a white background,"Yes, I recognize this object.",a purple spoon with a black handle on a white background,This is a purple egg shaped vibrator with a black handle,a purple spoon with a black handle on a white background,Unknown,the object in this image is a purple spoon,This is a purple egg shaped vibrator with a black handle
2060,dog toy with removed rope,38,32,55,29,a red plastic toy with four balls inside,"Yes, it is a red jelly bean",a red jelly bean,A red jelly bean,a red plastic toy with four balls inside,"Yes, it is a red jelly bean",a red jelly bean,A red jelly bean,a red plastic toy with four small balls,"Yes, it's a red ball",a jellyfish,It's a dog toy,giant inflatable sex toy - red,"Yes! I recognize this object, its a human shape with 6 parts",the jelly bean,This is a red jelly-style toy with a white background,a red plastic toy with four balls inside,"Yes, it is a red jelly bean",a red jelly bean,A red jelly bean,a close up of a red plastic toy that is shaped like a flower,"Yes, I recognize this object.",a red ball with a bunch of small balls inside of it,It’s a red jelly bean.,a close up of an object that looks like it is made out of red plastic,Unknown,an object in this image is an object shaped like a flower,It’s a toy for your dog.
2061,dog toy,53,53,59,13,a green donut with colorful dots on it,Yes,a donut,A donut,a green donut toy with colorful dots on it,Yes,a donut,A donut,a green dog toy with colorful dots on it,A green donut with multicolored dots,a donut,A donut shaped like a virus,the dog treat ring in this image is green and has colorful spots,dog toy,a donut,An Eau de Puppy dog toy,a green donut with colorful dots on it,Yes,a donut,A donut,a green dog toy with colorful dots on it,"Yes, I recognize this object.",a donut,It's a donut shaped like a virus.,a green dog toy with colorful dots on it,"No, I do not recognize this object.",a donut,It's a donut.
2062,dog toy,44,56,29,42,an orange plastic ring with spikes on it,"Yes, it is a rubber ball with spikes",a rubber ring,A rubber dog toy,an orange plastic ring with spikes on it,"Yes, it is a rubber ball with spikes",a rubber ring,A rubber dog toy,a rubber ring with spikes on it,"No, this is not a toy",an orange plastic ring,A rubber dog toy with a spiral shape,"a rubber ring with small, orange spikes",Yes. It's a rubber ring with an orange tip.,a rubber dog toy,It's the dog chew toy of the future,an orange plastic ring with spikes on it,"Yes, it is a rubber ball with spikes",a rubber ring,A rubber dog toy,an orange rubber ring on a white background,Unknown,an orange rubber ring with spikes on it,This is an orange rubber ring with spikes on it,an orange rubber ring on a white background,Unknown,an orange rubber ring with spikes on it,This is an orange rubber ring with spikes on it
2063,magic loops,25,38,13,19,a metal sculpture with colorful beads on it,"Yes, it is a planet",a planet,A planet.,a metal sculpture with colorful beads on it,Yes,a planet,A planet.,a metal and wire sculpture with several colorful beads,"Yes, it is a ball with a wire and many beads",the planet,A ball,an ornamental hanging object with multicolored beads,a large metal sphere,an object,"It's a ring of multicolor beads, which is part of the necklace.",a metal sculpture with colorful beads on it,"Yes, it is a planet",a planet,A planet.,a metal sculpture of a globe with multi colored beads on it,"No, I do not recognize this object.",a solar system.,I think it's a planet.,a metal sculpture with multi colored beads on it,"No, I do not recognize this object",the solar system.,I don't know.  I don't know.  I don't know.  I don
2064,massager,28,33,45,3,a green and silver object with legs,"Yes, it is a foot massager",a foot massager,A foot massager,a green and silver object with legs,"Yes, it is a foot massager",a foot massager,A foot massager,an image of a green and silver object,Yes,a foot massager,A foot massager.,a green object that has legs and an oval foot,Yes,a green foot pedal with four legs,A sex toy,a green and silver object with legs,"Yes, it is a foot massager",a foot massager,A foot massager,a green foot massager on a white surface,"Yes, I recognize this object.",a foot massager,It's a foot massager.,a green foot massager on a white surface,Unknown,a foot massager.,"It’s a foot massager, but it’s not a foot massager."
