image_path,number label,actual name,familiarity score,nameability score,color saliency,texture saliency,"BLIP-2, greedy, caption","BLIP-2, greedy, bool","BLIP-2, greedy, name","BLIP-2, greedy, real","BLIP-2, greedy, caption saliency","BLIP-2, greedy, bool saliency","BLIP-2, greedy, color saliency","BLIP-2, greedy, real saliency","BLIP-2, nucleus, caption","BLIP-2, nucleus, bool","BLIP-2, nucleus, name","BLIP-2, nucleus, real","BLIP-2, nucleus, caption saliency","BLIP-2, nucleus, bool saliency","BLIP-2, nucleus, color saliency","BLIP-2, nucleus, real saliency","BLIP-2, beam, caption","BLIP-2, beam, bool","BLIP-2, beam, name","BLIP-2, beam, real","BLIP-2, beam, caption saliency","BLIP-2, beam, bool saliency","BLIP-2, beam, color saliency","BLIP-2, beam, real saliency"
data/NOUN-2-600DPI/2001-600.jpg,2001,bee hive trap,19,50,66,14,a pair of orange plastic toys on a white background,"Yes, it is a plastic egg",a yellow plastic ball,A giant orange plastic ball,"(['Orange'], ['Plastic'])","([], ['Plastic'])","(['Yellow'], ['Plastic'])","(['Orange'], ['Plastic'])",a yellow plastic shell of a plastic toy,"Yes, I recognize this object",a catnip mitten,This is a light bulb,"(['Yellow'], ['Plastic'])","([], [])","([], [])","([], [])",a pair of orange plastic toys on a white background,"No, I do not recognize this object.",the object in this image is an orange plastic ball,This is an orange plastic ball with a hole in the middle,"(['Orange'], ['Plastic'])","([], [])","(['Orange'], ['Plastic'])","(['Orange'], ['Plastic'])"
data/NOUN-2-600DPI/2002-600.jpg,2002,bookend,22,83,59,9,a red metal sculpture with a curved shape,"Yes, I recognize this object.",a red vase,A red vase,"(['Red'], [])","([], [])","(['Red'], [])","(['Red'], [])",a metal sculpture in red with a curved piece of metal,I recognize this object,red sculpture with metal and wood legs,"A beautiful, colorful glass vase that you can place","(['Red'], [])","([], [])","(['Red'], [])","([], ['Lace'])",a red metal sculpture on a white background,"Yes or no, do you recognize this object?",a red vase,It's a red vase.,"(['Red'], [])","([], [])","(['Red'], [])","(['Red'], [])"
data/NOUN-2-600DPI/2003-600.jpg,2003,fidget toy,59,74,19,0,a set of colorful wooden blocks arranged in a line,"Yes, it is a wooden block",a wooden block,A toy that is made of wood and plastic,"([], ['Wooden'])","([], ['Wooden'])","([], ['Wooden'])","([], ['Plastic'])",color blocks with the letters e and g on them,Multicolored blocks,the toy tower,Some piece of wood with a string of colored cubes attached to it,"([], [])","(['Red'], [])","([], [])","(['Red'], [])",a set of colorful wooden blocks on a white background,"Yes, I recognize this object.",a stack of multi-colored blocks on a white background,This is a stack of wooden blocks.,"([], ['Wooden'])","([], [])","(['Red'], [])","([], ['Wooden'])"
data/NOUN-2-600DPI/2004-600.jpg,2004,pencil sharpener,41,70,48,52,a yellow and orange plastic egg shaped object,"Yes, it is a plastic ball with a hole in the middle",a ball,A plastic egg shaped object with a hole in the middle,"(['Orange', 'Yellow'], ['Plastic'])","([], ['Plastic'])","([], [])","([], ['Plastic'])",orange plastic ball with orange top and hole,"An orange and yellow plastic disc, with a hole cut through the center of it",a fruit,This is a light-emitting silicone ball that makes you blink,"(['Orange'], ['Plastic'])","(['Orange', 'Yellow'], ['Rough', 'Plastic'])","([], [])","([], [])",an orange and yellow plastic ball with a hole in the middle,"Yes or no, do you recognize this object?",the object in this image is an orange and yellow ball with a hole in the middle,This is an orange and yellow plastic ball with a hole in the middle,"(['Orange', 'Yellow'], ['Plastic'])","([], [])","(['Orange', 'Yellow'], [])","(['Orange', 'Yellow'], ['Plastic'])"
data/NOUN-2-600DPI/2005-600.jpg,2005,fish tank stone,6,25,81,13,a pink and blue tie dye headband,"Yes, I recognize this object.",a rainbow unicorn headband,A rainbow unicorn headband,"(['Blue', 'Pink'], [])","([], [])","([], [])","([], [])",rainbow tie dye hair headband,It is a colorful flower shaped headband.,a butterfly,Unicorn.,"([], [])","([], [])","([], [])","([], [])",a pink and blue tie dye headband sitting on top of a white surface,"Yes or no, do you recognize this object?",a rainbow tie-dye tie-dye tie-dye tie-dye tie-,It's a tie-dye headband.,"(['Blue', 'Pink', 'White'], [])","([], [])","([], [])","([], [])"
data/NOUN-2-600DPI/2006-600.jpg,2006,space ship top,34,64,31,3,a silver metal object with a red dot on it,"Yes, it is a star trek replicator",a star trek phaser,A space ship,"(['Red', 'Silver'], [])","([], [])","([], [])","([], [])",the starship ds-11 by jonathan mclane,Yes,the quesadilla,I think it's a toy space ship on a stand,"([], [])","([], [])","([], [])","(['Tan'], [])",a silver metal object on top of a white background,"No, I do not recognize this object.",the object in this image is a model of the ufo from the movie 2001 a space odyssey,"I think it's a space station, but I don't know what kind of space station it is","(['Silver'], [])","([], [])","([], [])","([], [])"
data/NOUN-2-600DPI/2007-600.jpg,2007,air blower for cleaning lenses on slr cameras,22,46,78,6,a black ball with a red handle,"Yes, it is a ball with a red handle",a ball,A rubber ball with a red handle,"(['Red', 'Black'], [])","(['Red'], [])","([], [])","(['Red'], ['Rubber'])",black plastic ball and a red handle,Black rubber ball with red handle for filling bottles,it's a rubber duckie!,A rubber toy on a stick.,"(['Red', 'Black'], ['Plastic'])","(['Red', 'Black'], ['Rubber'])","([], ['Rubber'])","([], ['Rubber'])",a black ball with a red handle on a white background,"Yes or no, do you recognize this object?",the object in this image is a black ball with a red handle,This is a black rubber ball with a red handle,"(['Red', 'Black'], [])","([], [])","(['Red', 'Black'], [])","(['Red', 'Black'], ['Rubber'])"
data/NOUN-2-600DPI/2008.jpg,2008,curlers formed together,34,25,48,16,a blue rubber toy with two arms,"Yes, it is a blue rubber band",a knot,A dog toy,"(['Blue'], ['Rubber'])","(['Blue'], ['Rubber'])","([], [])","([], [])",cassette - nike shoe cord,This is a large ball bearing made from blue foam rubber,a knot,The best way to get what you want in life is to never ask for it.,"([], [])","(['Blue'], ['Rubber'])","([], [])","([], [])",a pair of blue and white rubber toys on a white background,"Yes or no, do you recognize this object?",a knot,I think it's a dog toy.,"(['Blue'], ['Rubber'])","([], [])","([], [])","([], [])"
data/NOUN-2-600DPI/2009-600.jpg,2009,dog toy,47,78,65,45,a toy that looks like a spiky orange object,"Yes, it is a toy that is shaped like a letter x",a spiky orange toy,A dog toy,"(['Orange'], [])","([], [])","(['Orange'], [])","([], [])",the toy is shaped like an orange cross with spikes,"Yes or no, do you recognize this object?",dog toy,A dog toy,"(['Orange'], [])","([], [])","([], [])","([], [])",an orange dog toy with spikes on it,"Yes or no, do you recognize this object?",an orange dog toy with spikes on it,"This is an orange dog toy that looks like a spiky, spiky, spiky, sp","(['Orange'], [])","([], [])","(['Orange'], [])","(['Orange'], [])"
data/NOUN-2-600DPI/2010-600.jpg,2010,dog toy,66,52,50,25,a red and blue toy with colorful dots,"Yes, it is a red ball with blue and yellow dots",a red ball with blue and yellow dots,A dog toy,"(['Red', 'Blue'], [])","(['Red', 'Yellow', 'Blue'], [])","(['Red', 'Yellow', 'Blue'], [])","([], [])",dog chew toys small dog - large,red rubber with yellow dots,A dog toy.,A dog toy that just can't get enough treats!,"([], [])","(['Red', 'Yellow'], ['Rubber'])","([], [])","([], [])",a red dog toy with multicolored dots on it,"No, I do not recognize this object",a red ball with multicolored dots on it,"This is a red ball with blue, yellow, and white dots on it","(['Red'], [])","([], [])","(['Red'], [])","(['Red', 'Yellow', 'Blue', 'White'], [])"
data/NOUN-2-600DPI/2011-600.jpg,2011,noisemaker,22,75,88,3,a green and orange plastic toy with two handles,"Yes, I recognize this object",a toy,A toy that is made of plastic and has two orange and green plastic handles,"(['Orange', 'Green'], ['Plastic'])","([], [])","([], [])","(['Orange', 'Green'], ['Plastic'])",hotel kids' toys water pump,"No, not really",the thing that does things with the thing,The end of a drill driver.,"([], [])","([], [])","([], [])","([], [])",a green and orange plastic toy with two handles,"Yes or no, do you recognize this object?",a plastic toy with two orange and green balls attached to it,This is a plastic toy with two orange and one green handle,"(['Orange', 'Green'], ['Plastic'])","([], [])","(['Orange', 'Green'], ['Plastic'])","(['Orange', 'Green'], ['Plastic'])"
data/NOUN-2-600DPI/2012-600.jpg,2012,coiled worm toy,41,50,59,41,a red plastic toy with orange tentacles,"Yes, I recognize this object.",a red sea urchin,A red sea urchin,"(['Red', 'Orange'], ['Plastic'])","([], [])","(['Red'], [])","(['Red'], [])",a small plastic octopus with red and orange spines,Yes I am familiar with the color,a red spiky shell,"I don't know, what's it for?  I don't know why anyone would want it","(['Red', 'Orange'], ['Plastic'])","([], [])","(['Red'], [])","([], [])",a red and orange plastic sea urchin on a white background,"No, I do not recognize this object.",a sea urchin,It's a red sea urchin.,"(['Red', 'Orange'], ['Plastic'])","([], [])","([], [])","(['Red'], [])"
data/NOUN-2-600DPI/2013-600.jpg,2013,sling shot,6,20,87,6,a yellow and orange plastic toy with a foot,"Yes, it is a plastic bottle opener",a tripod,A giant orange and yellow plastic foot,"(['Orange', 'Yellow'], ['Plastic'])","([], ['Plastic'])","([], [])","(['Orange', 'Yellow'], ['Plastic'])",a plastic foot with two orange legs,"Yes or no, do you recognize this object?  - answer to question",the object in this image is an orange and orange toy with legs on both sides,"This is a stick shaped as an orange, yellow and grey dog","(['Orange'], ['Plastic'])","([], [])","(['Orange'], [])","(['Orange', 'Yellow'], [])",an orange and yellow plastic stand with an orange top,"Yes or no, do you recognize this object?",the object in this image is an orange and yellow toy,"This is an orange, yellow, and black plastic toy that is shaped like a tripod.","(['Orange', 'Yellow', 'Tan'], ['Plastic'])","([], [])","(['Orange', 'Yellow'], [])","(['Orange', 'Yellow', 'Black'], ['Plastic'])"
data/NOUN-2-600DPI/2014-600.jpg,2014,light-up toy,38,75,39,0,a toy ball with a yellow and pink design,"Yes, it is a ball with a yellow handle",a ball,A magic wand.,"(['Yellow', 'Pink'], [])","(['Yellow'], [])","([], [])","([], [])",a pink ball has an orange and yellow pattern,"Ball, check",a kazoo,This is a toy ball shaped like a musical instrument with a long stick sticking out the end.,"(['Orange', 'Yellow', 'Pink'], [])","([], [])","([], [])","([], [])",a pink and yellow ball with a yellow handle,"Yes, I recognize this object.",the object in this image is a pink ball with a yellow handle,It's a magic wand.,"(['Yellow', 'Pink'], [])","([], [])","(['Yellow', 'Pink'], [])","([], [])"
data/NOUN-2-600DPI/2015-600.jpg,2015,ball catcher,38,78,55,10,a blue plastic shoe holder with holes on the side,"Yes, I recognize this object.",a blue plastic shoe,A blue plastic shoe holder,"(['Blue'], ['Plastic'])","([], [])","(['Blue'], ['Plastic'])","(['Blue'], ['Plastic'])",a blue plastic ice holder,I recognize the item.,a vase,A small blue shoe that matches the rest of the blue items in the bathroom,"(['Blue'], ['Plastic'])","([], [])","([], [])","(['Blue'], [])",a blue plastic shoe holder on a white background,"No, I do not recognize this object",the object in this image is a blue plastic shoe holder,This is a blue plastic shoe holder with holes in it,"(['Blue'], ['Plastic'])","([], [])","(['Blue'], ['Plastic'])","(['Blue'], ['Plastic'])"
data/NOUN-2-600DPI/2016 600dpi.jpg,2016,bird toy,28,21,61,6,a blue and white mop with a blue handle,"Yes, it is a mop",a mop,A dog toy,"(['Blue', 'White'], [])","([], [])","([], [])","([], [])",proud to be a bully dog dog toy,Yes,a cone,A giant wad of chewing yarn,"([], [])","([], [])","([], [])","([], [])",an orange and blue mop with blue and white tassels,"Yes or no, do you recognize this object?",an orange cone with blue and white tassels,It's a mop.,"(['Orange', 'Blue', 'White'], [])","([], [])","(['Orange', 'Blue', 'White'], [])","([], [])"
data/NOUN-2-600DPI/2017-600.jpg,2017,kenetic wheel,41,29,23,13,a metal and plastic device with a blue handle,"Yes, I recognize this object",a metal ball and a metal hook,A toy mouse trap,"(['Blue'], ['Plastic'])","([], [])","([], [])","([], [])",toy - toy with metal parts - toy with plastic parts,"Yes, that is the same as yes",a wire ball puller,The best invention of the century!,"([], ['Plastic'])","([], [])","([], [])","([], [])",a metal and plastic device with an orange ball attached to it,"Yes or no, do you recognize this object?",the object in this image is a metal hook with a blue and orange ball attached to it,This is a cat toy.,"(['Orange'], ['Plastic'])","([], [])","(['Orange', 'Blue'], [])","([], [])"
data/NOUN-2-600DPI/2018-600.jpg,2018,coils string,16,50,61,6,a yellow plastic container with a lid,"Yes, it is a yellow plastic container",a yellow plastic container,A yellow plastic container with a lid,"(['Yellow'], ['Plastic'])","(['Yellow'], ['Plastic'])","(['Yellow'], ['Plastic'])","(['Yellow'], ['Plastic'])",yellow plastic dome with hole for a light,A yellow lid,yellow object with yellow dome,It's a plastic dish with a yellow lid,"(['Yellow'], ['Plastic'])","(['Yellow'], [])","(['Yellow'], [])","(['Yellow'], ['Plastic'])",a yellow plastic container with a lid on a white background,"Yes or no, do you recognize this object?",the object in this image is a yellow plastic container,This is a yellow plastic container with a lid,"(['Yellow'], ['Plastic'])","([], [])","(['Yellow'], ['Plastic'])","(['Yellow'], ['Plastic'])"
data/NOUN-2-600DPI/2019-600.jpg,2019,cat nip toy,31,67,38,25,a yellow and orange plastic egg with a white background,"Yes, it is a yellow egg with orange and white stripes",a candy corn,A candy corn egg,"(['Orange', 'Yellow'], ['Plastic'])","(['Orange', 'Yellow', 'White'], [])","([], [])","([], [])",candy corn shaped glass with orange and yellow hair,No,orange egg with yellow hat,This is a very special egg. The one you love.,"(['Orange', 'Yellow'], [])","([], [])","(['Orange', 'Yellow'], [])","([], [])",a yellow and orange plastic egg with a white background,"No, I don't recognize this object.",an orange and yellow egg with an orange and yellow hat on top of it,This is an orange and yellow plastic egg with an orange and yellow hat on top of it,"(['Orange', 'Yellow'], ['Plastic'])","([], [])","(['Orange', 'Yellow'], [])","(['Orange', 'Yellow'], ['Plastic'])"
data/NOUN-2-600DPI/2020.jpg,2020,ladder of jacob,41,36,29,6,a set of four colorful coasters with a ribbon,"Yes, it is a coaster",a coaster,A set of four colorful coasters,"([], [])","([], [])","([], [])","([], [])",four different colored square wooden coasters with a blue stripe,"I recognize this object, yes",a puzzle box,It's a box of play blocks.,"(['Red', 'Blue'], ['Wooden'])","([], [])","([], [])","([], [])",a set of four wooden coasters in different colors,"Yes, I recognize this object",a coaster,"This is a set of four wooden coasters, each with a different color","([], ['Wooden'])","([], [])","([], [])","([], ['Wooden'])"
data/NOUN-2-600DPI/2021-600.jpg,2021,foam arrow,9,29,84,3,a pink and green foam ball with four holes,"Yes, I recognize this object.",a flower,A bunch of pink and green balloons,"(['Green', 'Pink'], [])","([], [])","([], [])","(['Green', 'Pink'], [])","green, pink, and blue foam flower",Yes,"it's an ear hook, for the hearing impaired",An olfactory aid.,"(['Green', 'Blue', 'Pink'], [])","([], [])","(['Red'], [])","([], [])",a bunch of pink and green balloons on a white background,"Yes, I recognize this object.","the object in this image is a pink, green and black flower",It's a little bit of everything. It's a little bit of everything. It's a little,"(['Green', 'Pink'], [])","([], [])","(['Green', 'Pink', 'Black'], [])","([], [])"
data/NOUN-2-600DPI/2022-600.jpg,2022,marker,9,15,70,13,a green plastic cone with a small hole,"Yes, it is a green plastic cone",a green plastic cone,A green plastic water bottle,"(['Green'], ['Plastic'])","(['Green'], ['Plastic'])","(['Green'], ['Plastic'])","(['Green'], ['Plastic'])","green plastic flower pot, side view",green bottle,a green glass sphere,It's a plastic water bottle,"(['Green'], ['Plastic'])","(['Green'], [])","(['Green'], [])","([], ['Plastic'])",a green plastic object sitting on top of a white background,"Yes or no, do you recognize this object?",a green plastic water bottle with a hole in the top,This is a green plastic water bottle with a hole in the top,"(['Green'], ['Plastic'])","([], [])","(['Green'], ['Plastic'])","(['Green'], ['Plastic'])"
data/NOUN-2-600DPI/2023-600.jpg,2023,color changing ball,13,31,87,17,a black and white ball with a white and black design,"Yes, it is a black and white ball",a ball,A black and white ball with a bunch of white and black objects,"(['Black', 'White'], [])","(['Black', 'White'], [])","([], [])","(['Black', 'White'], [])",a flower ball in black and white with a black bow and a white stem,Black & white vinyl flower,black and white,Black & white origami,"(['Black', 'White'], [])","(['Black', 'White'], [])","(['Black', 'White'], [])","(['Black', 'White'], [])",a black and white sculpture of a ball on a white surface,"Yes, I recognize this object.",a black and white ball,I think this is a black and white ball with a bunch of black and white balls inside of it,"(['Black', 'White'], [])","([], [])","(['Black', 'White'], [])","(['Black', 'White'], [])"
data/NOUN-2-600DPI/2024-600.jpg,2024,connected disk toy,81,44,41,3,"a toy that is made of plastic and has a yellow, red and blue star",Yes,a toy,"A toy that is made of plastic and has a yellow, red and blue star on it","(['Red', 'Yellow', 'Blue'], ['Plastic'])","([], [])","([], [])","(['Red', 'Yellow', 'Blue'], ['Plastic'])",the three children's blocks,"___________, no, no",toy building parts,A toy ball.,"([], [])","([], [])","([], [])","([], [])","a yellow, blue and red plastic toy with a star on it","Yes, I recognize this object.",a sunflower.,I think it's a toy.,"(['Red', 'Yellow', 'Blue'], ['Plastic'])","([], [])","([], [])","([], [])"
data/NOUN-2-600DPI/2025-600.jpg,2025,boomerang,6,14,58,13,a blue plastic foot rest with a white background,"Yes, it is a blue plastic foot rest",a shoe,A blue plastic footrest,"(['Blue'], ['Plastic'])","(['Blue'], ['Plastic'])","([], [])","(['Blue'], ['Plastic'])",a close - up view of the blue plastic foot rest,blue marble footstool with marble pattern,a marbled rubber shoe with a toe hook on top of it,A rubber-like moldable support gel used in orthotic therapy,"(['Blue'], ['Plastic'])","(['Blue'], [])","([], ['Rubber'])","([], ['Rubber'])",an image of a blue shoe with a white background,"Yes or no, do you recognize this object? Yes or no, do you recognize this object?",the object in this image is a blue shoe,"I think it's a footrest for a chair, but I don't know what kind of chair","(['Blue'], [])","([], [])","(['Blue'], [])","([], [])"
data/NOUN-2-600DPI/2026-600.jpg,2026,dog toy,16,71,63,17,a green and red plastic toy on a white background,"Yes, it is a green and red plastic toy",a dog bone,A dog toy,"(['Red', 'Green'], ['Plastic'])","(['Red', 'Green'], ['Plastic'])","([], [])","([], [])",cobalt green/red dog chew bone,"Yes, the object is the handlebar for my scooter",a plastic exercise exercise equipment,It's a large bone head!,"(['Red', 'Green'], [])","([], [])","([], ['Plastic'])","([], [])",a green and red plastic dog toy on a white background,"Yes, I recognize this object.",the object in this image is a green and red dog toy,This is a green and red plastic dog toy,"(['Red', 'Green'], ['Plastic'])","([], [])","(['Red', 'Green'], [])","(['Red', 'Green'], ['Plastic'])"
data/NOUN-2-600DPI/2027-600.jpg,2027,cover for room fresheners,22,38,47,9,a white ball with a hole in the middle,"Yes, I recognize this object",a ball,A ball of plastic,"(['White'], [])","([], [])","([], [])","([], ['Plastic'])",an animal ball with a hole in the bottom,"You will receive an email to your Q email account. The email must include at least one ""Reply",A ball and socket,"a big, white and very small object that does not belong to it","([], [])","([], [])","([], [])","(['White'], [])",a white plastic ball on a white surface,"No, I do not recognize this object",a ball,This is a white plastic ball with a hole in the middle,"(['White'], ['Plastic'])","([], [])","([], [])","(['White'], ['Plastic'])"
data/NOUN-2-600DPI/2028-600.jpg,2028,cat toy,6,47,53,63,a pink donut with three pom poms on it,"Yes, it is a pink donut",a donut,A pink donut with a pink handle,"(['Pink'], [])","(['Pink'], [])","([], [])","(['Pink'], [])",the little pink donut with the pink hair ties is shown,"Yes or no, pink fluffy animal ears",an earflip,My friend's sister's pink puppy toy!,"(['Pink'], [])","(['Pink'], [])","([], [])","(['Pink'], [])",a pair of pink pom poms on a white background,"Yes, I recognize this object.",a donut,It's a donut holder.,"(['Pink'], [])","([], [])","([], [])","([], [])"
data/NOUN-2-600DPI/2029-600.jpg,2029,cover for room fresheners,19,27,65,16,a black plastic device with a hole in the middle,"Yes, it is a black plastic button",a black plastic cylinder,A black plastic button with a hole in the middle,"(['Black'], ['Plastic'])","(['Black'], ['Plastic'])","(['Black'], ['Plastic'])","(['Black'], ['Plastic'])",a close up of the rear of a metal speaker,Yes,the object in this image is black and white,this is a toy-scale black button for the front of a small gas,"([], [])","([], [])","(['Black', 'White'], [])","(['Black'], [])",a close up of a black plastic device on a white background,"Yes or no, do you recognize this object? Yes or no, do you recognize this object?",the object in this image is a black plastic device,I think it's a piece of black plastic with a hole in it,"(['Black'], ['Plastic'])","([], [])","(['Black'], ['Plastic'])","(['Black'], ['Plastic'])"
data/NOUN-2-600DPI/2030-600.jpg,2030,marker,9,43,53,0,a blue and purple plastic toy with a face,"Yes, it is a blue and purple plastic toy",a blue and purple plastic toy,A cute little blue and purple plastic toy,"(['Blue', 'Purple'], ['Plastic'])","(['Blue', 'Purple'], ['Plastic'])","(['Blue', 'Purple'], ['Plastic'])","(['Blue', 'Purple'], ['Plastic'])",a picture of a purple and black figure toy,The little blue plastic pig.,a small blue and white pig,It's a little girl,"(['Purple', 'Black'], [])","(['Blue'], ['Plastic'])","(['Blue', 'White'], [])","([], [])",a blue and purple figurine on a white background,"Yes, I recognize this object",a water bottle with a blue lid and a purple handle,I think it's a cute little toy.,"(['Blue', 'Purple'], [])","([], [])","(['Blue', 'Purple'], [])","([], [])"
data/NOUN-2-600DPI/2031.jpg,2031,book end,16,32,35,26,a metal object with a curved shape,"Yes, I recognize this object.",a metal wave,A metal wave shaped object,"([], [])","([], [])","([], [])","([], [])",a silver metal folding door handle on a white background,Yes I recognize this object,the shape of the chair on the bench is wavy,A metal wave of a metal cup,"(['Silver'], [])","([], [])","([], [])","([], [])",stainless steel bracket with a curved shape,"Yes or no, do you recognize this object?",the object in this image is a stainless steel arm rest,I think this is a piece of metal that has been bent to look like a wave.,"([], [])","([], [])","([], [])","([], [])"
data/NOUN-2-600DPI/2032-600.jpg,2032,submarine,47,90,50,3,a toy airplane shaped like a rocket on a white background,"Yes, it is a rocket",a rocket,A toy rocket,"([], [])","([], [])","([], [])","([], [])",blue cat cat toy orange kitty cat toys,"yes, I recognize this object, this is the object with my name written on it",a boat!,The greatest invention of all time,"(['Orange', 'Blue'], [])","([], [])","([], [])","([], [])",an orange plastic toy airplane on a white background,"Yes, I recognize this object.",an orange rocket shaped toy on a white background,This is an orange plastic toy airplane with a blue propeller on top,"(['Orange'], ['Plastic'])","([], [])","(['Orange'], [])","(['Orange', 'Blue'], ['Plastic'])"
data/NOUN-2-600DPI/2033-600.jpg,2033,cat toy cage,9,57,55,3,a small orange plastic basket with a green handle,Yes,a toy box,A toy box,"(['Orange', 'Green'], ['Plastic'])","([], [])","([], [])","([], [])",orange plastic storage box for the toilet,This orange metal toy box fits my dollhouse and it looks like it has been made by a little,The orange plastic box has three triangles on it,An Orange Cube Sorter.I don't know why but it made me laugh.,"(['Orange'], ['Plastic'])","(['Orange'], [])","(['Orange'], ['Plastic'])","(['Orange'], [])",an orange plastic basket with a green handle,"No, I do not recognize this object",an orange plastic box with a green handle,This is an orange and green plastic toy box,"(['Orange', 'Green'], ['Plastic'])","([], [])","(['Orange', 'Green'], ['Plastic'])","(['Orange', 'Green'], ['Plastic'])"
data/NOUN-2-600DPI/2034-600.jpg,2034,worm ball with cut off hands or stars,72,39,45,26,a pile of colorful rubber bands on a white background,"Yes, it is a rubber ball",a pile of colorful rubber bands,A pile of colorful rubber bands,"([], ['Rubber'])","([], ['Rubber'])","([], ['Rubber'])","([], ['Rubber'])",a pile of different colored rubber strings with different colored tips,Yes,a mushroom,It's just a pile of colored rubber snakes,"(['Red'], ['Rubber'])","([], [])","([], [])","(['Red'], ['Rubber'])",a pile of colorful rubber bands on a white background,"Yes, I recognize this object.",a pile of colorful rubber bands on a white background,I think it's a pile of rubber bands.,"([], ['Rubber'])","([], [])","([], ['Rubber'])","([], ['Rubber'])"
data/NOUN-2-600DPI/2035-600.jpg,2035,giant pen with pen tip removed and cooper scourer pad on top,13,54,47,13,a blue and brown hair brush with a brown handle,"Yes, it is a ball of yarn",a ball,A blue and brown ball with a red handle,"(['Blue', 'Brown'], [])","([], [])","([], [])","(['Red', 'Blue', 'Brown'], [])",cotton swab lint trap,"Yes, the object is a toilet plunger.",a corker,"A giant, furry teddy bear.","([], [])","([], [])","([], [])","([], ['Furry'])",a blue and brown ball on a white background,"No, I do not recognize this object",the object in this image is a blue and brown ball,"It’s a hair dryer, but it’s not a hair dryer.","(['Blue', 'Brown'], [])","([], [])","(['Blue', 'Brown'], [])","([], ['Dry'])"
data/NOUN-2-600DPI/2036-600.jpg,2036,cup and ball toy,59,70,20,20,"a wooden toy with a red, yellow and green ball","Yes, it is a wooden toy hammer",a wooden toy hammer,A wooden toy hammer,"(['Red', 'Yellow', 'Green'], ['Wooden'])","([], ['Wooden'])","([], ['Wooden'])","([], ['Wooden'])","a wooden toy with red, yellow and green paint stripes on it","A toy hammer and ball, wooden toy and wooden balls, wooden toy and wooden balls",a wooden toy whacker with a plastic ball,It's a toy trumpet!,"(['Red', 'Yellow', 'Green'], ['Wooden'])","([], ['Wooden'])","([], ['Wooden', 'Plastic'])","([], [])","a wooden toy hammer with a red, yellow, green and blue ball","Yes, I recognize this object.","a wooden toy hammer with a red, yellow, green, and blue ball","This is a wooden toy hammer with a red, yellow, green, and blue ball attached to it","(['Red', 'Yellow', 'Green', 'Blue'], ['Wooden'])","([], [])","(['Red', 'Yellow', 'Green', 'Blue'], ['Wooden'])","(['Red', 'Yellow', 'Green', 'Blue'], ['Wooden'])"
data/NOUN-2-600DPI/2037-600.jpg,2037,teething ring,34,24,37,3,a pink plastic bracelet with four balls on it,"Yes, I recognize this object.",a pink plastic ring,A pink plastic ring with four balls on it,"(['Pink'], ['Plastic'])","([], [])","(['Pink'], ['Plastic'])","(['Pink'], ['Plastic'])",pink plastic teeth with a white background,This image represents a small collection of Q&A images,an oval,It's the latest generation of the silicone gummy-ring,"(['Pink'], ['Plastic'])","([], [])","([], [])","([], ['Gummy'])",a pink plastic bracelet with four balls on it,"Yes or no, do you recognize this object? Yes or no, do you recognize this object?",it's a pink plastic ring with four balls on it,It’s a pink rubber ring with a bunch of balls on it,"(['Pink'], ['Plastic'])","([], [])","(['Pink'], ['Plastic'])","(['Pink'], ['Rubber'])"
data/NOUN-2-600DPI/2038-600.jpg,2038,heart shaped slinky,56,63,26,6,a colorful set of plastic rings with a heart shape,"Yes, I recognize this object.",a heart,A giant rubber band,"([], ['Plastic'])","([], [])","([], [])","([], ['Rubber'])",two colorful heart shaped trays stacked together in a line,"Yes, I recognize this object.",an object.,"We're just a couple of silly engineers, but what it is is a pair of rubber bands.","([], [])","([], [])","([], [])","([], ['Rubber'])","an orange, yellow, green, and pink heart shaped toy","Yes, I recognize this object",an object in this image is called an object in this image is called an object in this image is,I think it's a bunch of rubber bands that have been twisted together to form a heart shape.,"(['Orange', 'Yellow', 'Green', 'Pink'], [])","([], [])","([], [])","([], ['Rubber'])"
data/NOUN-2-600DPI/2039-600.jpg,2039,led top,28,64,61,13,a green plastic toy with a cross on it,"Yes, it is a green plastic cross",a fidget spinner,A green plastic cross shaped toy,"(['Green'], ['Plastic'])","(['Green'], ['Plastic'])","([], [])","(['Green'], ['Plastic'])",a green cross shape handspinner with two buttons,"Yes, green color!",a light - up square cross figure,The fidget spinner you've been waiting for!,"(['Green'], [])","(['Green'], [])","([], [])","([], [])",a green plastic cross shaped toy on a white background,"Yes or no, do you recognize this object? Yes or no, do you recognize this object?",a fidget spinner.,It's a fidget spinner.,"(['Green'], ['Plastic'])","([], [])","([], [])","([], [])"
data/NOUN-2-600DPI/2040-600.jpg,2040,rubber toy,31,64,63,16,a blue and yellow toy with a ball,"Yes, it is a ball with a blue and yellow tangle",a ball,A ball of blue and yellow rubber,"(['Yellow', 'Blue'], [])","(['Yellow', 'Blue', 'Tan'], [])","([], [])","(['Yellow', 'Blue'], ['Rubber'])",a toy that looks like it has blue and yellow hair,"yes, it is a fuzzy pom pom dog toy",A ball of fun!,The world's most expensive ball on your cat!,"(['Yellow', 'Blue'], [])","([], ['Fuzzy'])","([], [])","([], [])",a toy ball with blue and yellow hair,"No, I do not recognize this object",a ball with a blue and yellow pom pom,This is a blue and yellow ball with a blue and yellow pom pom on top of it,"(['Yellow', 'Blue'], [])","([], [])","(['Yellow', 'Blue'], [])","(['Yellow', 'Blue'], [])"
data/NOUN-2-600DPI/2041-600.jpg,2041,massager,34,38,23,20,a wooden toy with four balls on it,"Yes, it is a wooden cross",a cross,A wooden cross,"([], ['Wooden'])","([], ['Wooden'])","([], [])","([], ['Wooden'])",a blue and wood cross on a white background,The cross is made of four wooden sticks,a toy,A set of two wooden balls,"(['Blue'], [])","([], ['Wooden'])","([], [])","([], ['Wooden'])",a wooden toy with four balls on a white background,"Yes, I recognize this object.",a cross-shaped wooden toy with four wooden balls on each side,This is a cross made out of wood and blue balls,"([], ['Wooden'])","([], [])","([], ['Wooden'])","(['Blue'], [])"
data/NOUN-2-600DPI/2042-600.jpg,2042,small personal fan without blades,38,67,81,3,a blue and yellow plastic spray bottle,"Yes, it is a blue and yellow plastic bottle",a blue and yellow plastic bottle,A blue and yellow plastic spray bottle,"(['Yellow', 'Blue'], ['Plastic'])","(['Yellow', 'Blue'], ['Plastic'])","(['Yellow', 'Blue'], ['Plastic'])","(['Yellow', 'Blue'], ['Plastic'])",a blue and yellow hand pump,"No.  The object is the word ""no.""","I don't know, but I'm sure that it's in need of replacement.I wonder",A blue toothbrush with a yellow cover,"(['Yellow', 'Blue'], [])","([], [])","([], ['Lace'])","(['Yellow', 'Blue'], [])",a blue and yellow spray bottle on a white background,"Yes, I recognize this object.",a water bottle with a blue cap and yellow handle,This is a blue and yellow spray bottle with an orange cap,"(['Yellow', 'Blue'], [])","([], [])","(['Yellow', 'Blue'], [])","(['Orange', 'Yellow', 'Blue'], [])"
data/NOUN-2-600DPI/2043.jpg,2043,clacker,66,76,65,6,a toy with two balls and a string,"Yes, I recognize this object",a ball,A toy that is made of plastic and has two balls attached to it,"([], [])","([], [])","([], [])","([], ['Plastic'])","a yellow ball, and green and pink ball with yellow and pink handle","Yes, this is a ball with two hooks",rubber band windmill,It's a yo-yo for children and adults.,"(['Yellow', 'Green', 'Pink'], [])","([], [])","([], ['Rubber'])","([], [])",a plastic toy with two balls attached to it,"Yes or no, do you recognize this object?",a rubber ball with a string attached to it,This is a rubber ball with a string attached to it,"([], ['Plastic'])","([], [])","([], ['Rubber'])","([], ['Rubber'])"
data/NOUN-2-600DPI/2044-600.jpg,2044,diving toy with small weight,6,27,94,6,a toy with a blue ball and orange toothbrush,"Yes, it is a toothbrush",a toothbrush,A toothbrush,"(['Orange', 'Blue'], [])","([], [])","([], [])","([], [])",a blue and orange tooth brush has three teeth,"A string-like thing, with a few holes in it, with a blue handle",the 'cat's whiskers',This is the tail of an orange and blue squeaky toy.,"(['Orange', 'Blue'], [])","(['Blue'], [])","([], [])","(['Orange', 'Blue'], [])",an orange and blue toothbrush with a ball on it,"No, I don't recognize this object",an orange and blue toothbrush,This is an orange and blue toothbrush with a ball on the end,"(['Orange', 'Blue'], [])","([], [])","(['Orange', 'Blue'], [])","(['Orange', 'Blue'], [])"
data/NOUN-2-600DPI/2045-600.jpg,2045,wooden ball toy,25,29,3,55,a wooden spoon with five holes on it,"Yes, I recognize this object.",a spoon,A wooden spoon holder,"([], ['Wooden'])","([], [])","([], [])","([], ['Wooden'])",wooden toothbrush handle,"A wood spoon, for sure!What's the point of a picture in this situation?","you'd call it a handle, which is wood.",A wooden spatula with four holes.,"([], ['Wooden'])","([], [])","([], [])","([], ['Wooden'])",a wooden toothbrush holder with five holes in it,"No, I do not recognize this object",the object in this image is a wooden toothbrush holder,It's a wooden toothbrush holder.,"([], ['Wooden'])","([], [])","([], ['Wooden'])","([], ['Wooden'])"
data/NOUN-2-600DPI/2046-600.jpg,2046,keychain with bubbles inside,34,67,42,3,a small clear plastic keychain with a small blue and green design,"Yes, it is a keychain with a small square of clear plastic",a keychain,A keychain with a clear plastic rectangle,"(['Green', 'Blue'], ['Plastic'])","([], ['Plastic'])","([], [])","(['Tan'], ['Plastic'])",a clear block with colorful designs on it,"It's glass, a keychain",A small bottle with a clear top,It's a magic square - a 3x3 magic square.,"([], [])","([], [])","([], [])","([], [])","a clear plastic keychain with a blue, green and white design","Yes, I recognize this object.",a keychain,"This is a keychain with a clear plastic rectangle with a blue, green and white design on it","(['Green', 'Blue', 'White'], ['Plastic'])","([], [])","([], [])","(['Green', 'Blue', 'White', 'Tan'], ['Plastic'])"
data/NOUN-2-600DPI/2047-600.jpg,2047,perfume sprayer,41,32,50,3,a black and silver metal bottle with a white background,"Yes, I recognize this object.",a black and white striped metal cylinder,A black and silver metal cylinder with a white stripe,"(['Black', 'Silver'], [])","([], [])","(['Black', 'White'], [])","(['Black', 'White', 'Silver'], [])",black matte chrome stainless steel tube tube,"Yes or no, do you recognize this object?  Yes, I recognize this object.What",a watercolor painting,"A black cylinder with a silver trim, a gray cylinder and a white cylinder","(['Black'], ['Matte'])","([], [])","([], [])","(['Gray', 'Black', 'White', 'Silver'], [])",a black and silver cigarette lighter on a white background,"Yes or no, do you recognize this object?",the object in this image is a black and white cigarette lighter,It's an electronic cigarette.,"(['Black', 'Silver'], [])","([], [])","(['Black', 'White'], [])","([], [])"
data/NOUN-2-600DPI/2048-600.jpg,2048,worm ball with hands and stars cut off,13,47,55,6,a pile of colorful plastic balls on a white background,"Yes, it is a ball",a ball,A pile of colorful plastic balls,"([], ['Plastic'])","([], [])","([], [])","([], ['Plastic'])",a pile of colorful plastic toys with a ball and a hand,"A colorful ball, a plastic toy, and a plastic spider",a ball,A little bit of everything,"([], ['Plastic'])","([], ['Plastic'])","([], [])","([], [])",a pile of colorful plastic balls on a white background,"No, I don't recognize this object",a pile of colorful plastic balls on a white background,This is a pile of colorful plastic balls,"([], ['Plastic'])","([], [])","([], ['Plastic'])","([], ['Plastic'])"
data/NOUN-2-600DPI/2049-600.jpg,2049,slide whistle,19,44,39,10,a blue pen with a metal hook on the end,"Yes, I recognize this object",a pen,A pen.,"(['Blue'], [])","([], [])","([], [])","([], [])",a blue tube with a white handle that is attached to it,"No, not at all",A cigarette lighter,"It is a new electric tooth brush that has a new design, and the best thing about it,","(['Blue', 'White'], [])","([], [])","([], [])","([], [])",a blue pen on a white background,"Yes or no, do you recognize this object?",the object in this image is a pen with a blue handle,"I think it's a pencil sharpener, but I don't know what kind of pencil it is","(['Blue'], [])","([], [])","(['Blue'], [])","([], ['Sharp'])"
data/NOUN-2-600DPI/2050-600.jpg,2050,mobile phone stand for car,31,68,45,0,a black plastic car mount with a handle,"Yes, I recognize this object.",a black plastic cup holder,A car phone holder,"(['Black'], ['Plastic'])","([], [])","(['Black'], ['Plastic'])","([], [])",a black car vent cap that has the handle on it,"This is my new cell phone, which has a unique design",A vented metal ring.,This is the black car phone mount for your car radio,"(['Black'], [])","([], [])","([], [])","(['Black'], [])",a black plastic car mount on a white background,"Yes or no, do you recognize this object?",the object in this image is a car phone holder,This is a car phone holder.,"(['Black'], ['Plastic'])","([], [])","([], [])","([], [])"
data/NOUN-2-600DPI/2051-600.jpg,2051,finger castanet,53,60,47,9,a green toilet seat with a pink bow on it,"Yes, it is a green toilet seat",a toilet seat,A toilet seat,"(['Green', 'Pink'], [])","(['Green'], [])","([], [])","([], [])","diamond rose kids musical toys, green lid","This is a small wooden toilet, green.  [S] Yes",a toothbrush holder,It's a plastic toilet seat that looks like a turtle.,"(['Green', 'Rose'], [])","(['Green'], ['Wooden'])","([], [])","([], ['Plastic'])",a green toilet seat with a pink bow on it,"No, I don't recognize this object.",a toilet seat,This is a green toilet seat with a pink bow on it,"(['Green', 'Pink'], [])","([], [])","([], [])","(['Green', 'Pink'], [])"
data/NOUN-2-600DPI/2052-600.jpg,2052,noisemaker,41,53,63,7,a green plastic flower shaped tool with a pink handle,"Yes, I recognize this object.",a flower pot,A flower picker,"(['Green', 'Pink'], ['Plastic'])","([], [])","([], [])","([], [])",a green plastic spoon with pink handles,"I can identify this object.If you're still at the beginning of the game, you might",a toilet brush,An adult sized blow up hand pump for the sex life,"(['Green', 'Pink'], ['Plastic'])","([], [])","([], [])","([], [])",a green plastic spoon with a pink handle,"Yes or no, do you recognize this object? Yes or no, do you recognize this object?",a green plastic spoon with a pink handle,It's a flower picker.,"(['Green', 'Pink'], ['Plastic'])","([], [])","(['Green', 'Pink'], ['Plastic'])","([], [])"
data/NOUN-2-600DPI/2053-600.jpg,2053,hand castanet,44,79,45,6,a red and black metal pole with two black handles,"Yes, I recognize this object.",a red and black metal pole,A red and black metal pole with two black clippers,"(['Red', 'Black'], [])","([], [])","(['Red', 'Black'], [])","(['Red', 'Black'], [])",a hook with two black and red plastic sticks,Yes! We recognize it and are interested in it,red ironing board handle,A penis in a box!LPT - don't tell people how to use their money.,"(['Red', 'Black'], ['Plastic'])","([], [])","(['Red'], [])","([], [])",a pair of black and red clippers on a white background,"Yes or no, do you recognize this object?",the object in this image is a pair of scissors,I think it's a pair of scissors.,"(['Red', 'Black'], [])","([], [])","([], [])","([], [])"
data/NOUN-2-600DPI/2054-600.jpg,2054,floating ball game,3,25,38,48,a wooden stick with a red handle on a white background,"Yes, it is a wooden stick",a wooden stick,A wooden stick with a red handle,"(['Red'], ['Wooden'])","([], ['Wooden'])","([], ['Wooden'])","(['Red'], ['Wooden'])",wooden stick with red handle,Yes it is a red stick,a red wood rod holder for a toothbrush,A wooden pipe.,"(['Red'], ['Wooden'])","(['Red'], [])","(['Red'], [])","([], ['Wooden'])",a wooden stick with a red handle on a white background,"No, I do not recognize this object.",a wooden stick with a red handle on a white background,This is a wooden stick with a red handle,"(['Red'], ['Wooden'])","([], [])","(['Red'], ['Wooden'])","(['Red'], ['Wooden'])"
data/NOUN-2-600DPI/2055-600.jpg,2055,aroma therapy oil burner,13,33,53,13,a green vase with holes in it,Yes,a vase,A vase,"(['Green'], [])","([], [])","([], [])","([], [])",an image of a green vase,"Yes, that is my yellow ceramic vase with holes","a ceramic bowl, ceramic vase, ceramic bowl, ceramic vase, ceramic bowl, ceramic bowl",A vase.,"(['Green'], [])","(['Yellow'], [])","([], [])","([], [])",a green vase with holes in it,"No, I do not recognize this object",a vase,This is a vase with holes in it.,"(['Green'], [])","([], [])","([], [])","([], [])"
data/NOUN-2-600DPI/2056-600.jpg,2056,dog toy,19,59,61,13,a toy airplane shaped like a rainbow is on a white background,"Yes, it is a toy airplane",a rainbow airplane,A toy airplane,"([], [])","([], [])","([], [])","([], [])",dog bones with wings are shown in this photo,I see an airplane.,a rainbow airplane toy,A plane for a 4 - year - old to carry around.,"([], [])","([], [])","([], [])","([], [])",a toy airplane shaped like a rainbow is on a white background,"Yes, I recognize this object.",a toy airplane,It's a toy airplane.,"([], [])","([], [])","([], [])","([], [])"
data/NOUN-2-600DPI/2057-600.jpg,2057,spout for watering can,34,32,35,3,a red fan with a black handle on a white background,"Yes, I recognize this object.",a red fan,A red plastic fan with a black handle,"(['Red', 'Black'], [])","([], [])","(['Red'], [])","(['Red', 'Black'], ['Plastic'])",a large red fan with white handles,yes,an airplane,"A giant fucking plastic fan.Do a little research, you can literally Google it.","(['Red', 'White'], [])","([], [])","([], [])","([], ['Plastic'])",a red fan with a black handle on a white background,"Yes, I recognize this object.",the object in this image is a red fan,This is a red plastic fan with a black handle on a white background,"(['Red', 'Black'], [])","([], [])","(['Red'], [])","(['Red', 'Black'], ['Plastic'])"
data/NOUN-2-600DPI/2058-600.jpg,2058,hole for children golf game,22,33,58,3,a pink plastic toilet seat cover,"Yes, it is a pink plastic toilet seat",a pink plastic toilet seat,A pink plastic toilet seat cover,"(['Pink'], ['Plastic'])","(['Pink'], ['Plastic'])","(['Pink'], ['Plastic'])","(['Pink'], ['Plastic'])",a close up of a pink plastic toilet seat,"Yes, it is a pink plastic toilet lid with a circle on it",The toilet seat in this image has been placed on a toilet bowl,The bottom of a pink plastic toilet seat,"(['Pink'], ['Plastic'])","(['Pink'], ['Plastic'])","([], ['Lace'])","(['Pink'], ['Plastic'])",a pink plastic toilet seat cover on a white background,"Yes, I recognize this object.",the object in this image is a pink plastic toilet seat,This is a pink plastic toilet seat cover with a hole in the middle,"(['Pink'], ['Plastic'])","([], [])","(['Pink'], ['Plastic'])","(['Pink'], ['Plastic'])"
data/NOUN-2-600DPI/2059-600.jpg,2059,maraca pen,75,92,28,0,a purple spoon with a handle on a white background,"Yes, it is a spoon",a spoon,A purple spoon with a black handle,"(['Purple'], [])","([], [])","([], [])","(['Purple', 'Black'], [])",a plastic spoon shaped like an egg that has been painted purple,the toy in the purple color,it's a vibrator.   q: why is it purple?  A: to make,"This is a penis pump in the shape of a pink, purple and blue spoon","(['Purple'], ['Plastic'])","(['Purple'], [])","(['Purple'], [])","(['Blue', 'Purple', 'Pink'], [])",a purple spoon with a black handle on a white background,"Yes, I recognize this object.",a purple spoon with a black handle on a white background,This is a purple egg shaped vibrator with a black handle,"(['Purple', 'Black'], [])","([], [])","(['Purple', 'Black'], [])","(['Purple', 'Black'], [])"
data/NOUN-2-600DPI/2060-600.jpg,2060,dog toy with removed rope,38,32,55,29,a red plastic toy with four balls inside,"Yes, it is a red jelly bean",a red jelly bean,A red jelly bean,"(['Red'], ['Plastic'])","(['Red'], [])","(['Red'], [])","(['Red'], [])",a plastic figure with some red stars on it,yes,A jelly ball,"A large, round bottle.","(['Red'], ['Plastic'])","([], [])","([], [])","([], [])",a close up of a red plastic toy that is shaped like a flower,"Yes, I recognize this object.",a red ball with a bunch of small balls inside of it,It’s a red jelly bean.,"(['Red'], ['Plastic'])","([], [])","(['Red'], [])","(['Red'], [])"
data/NOUN-2-600DPI/2061-600.jpg,2061,dog toy,53,53,59,13,a green donut with colorful dots on it,Yes,a donut,A donut,"(['Green'], [])","([], [])","([], [])","([], [])",rubber dog toy is a green donut shaped like a small plastic toy,Yes,The object in this image is the donut.,The greatest toy ever created.,"(['Green'], ['Plastic', 'Rubber'])","([], [])","([], [])","([], [])",a green dog toy with colorful dots on it,"Yes, I recognize this object.",a donut,It's a donut shaped like a virus.,"(['Green'], [])","([], [])","([], [])","([], [])"
data/NOUN-2-600DPI/2062-600.jpg,2062,dog toy,44,56,29,42,an orange plastic ring with spikes on it,"Yes, it is a rubber ball with spikes",a rubber ring,A rubber dog toy,"(['Orange'], ['Plastic'])","([], ['Rubber'])","([], ['Rubber'])","([], ['Rubber'])",a plastic ring with spikes on it,My new pet has a very large orange ball of rubber,a ring,A gummy treat-shaped toy designed by a French company,"([], ['Plastic'])","(['Orange'], ['Rubber'])","([], [])","([], ['Gummy'])",an orange rubber ring on a white background,"Yes or no, do you recognize this object?",an orange rubber ring with spikes on it,This is an orange rubber ring with spikes on it,"(['Orange'], ['Rubber'])","([], [])","(['Orange'], ['Rubber'])","(['Orange'], ['Rubber'])"
data/NOUN-2-600DPI/2063-600.jpg,2063,magic loops,25,38,13,19,a metal sculpture with colorful beads on it,"Yes, it is a planet",a planet,A planet.,"([], [])","([], [])","([], [])","([], [])",mexican handball basket - metal,"It is a ring of balls, some of them are coloured",a kite,A multi-colored string sculpture.,"([], [])","(['Red'], [])","([], [])","(['Red'], [])",a metal sculpture of a globe with multi colored beads on it,"No, I do not recognize this object.",a solar system.,I think it's a planet.,"(['Red'], [])","([], [])","([], [])","([], [])"
data/NOUN-2-600DPI/2064-600.jpg,2064,massager,28,33,45,3,a green and silver object with legs,"Yes, it is a foot massager",a foot massager,A foot massager,"(['Green', 'Silver'], [])","([], [])","([], [])","([], [])",a green robotic foot stool with three legs,"Yes, a foot massager.",a mini vibrating desk,It's the foot massager,"(['Green'], [])","([], [])","([], [])","([], [])",a green foot massager on a white surface,"Yes, I recognize this object.",a foot massager,It's a foot massager.,"(['Green', 'White'], [])","([], [])","([], [])","([], [])"
